album_id,track_id
1AegI4Bn648fulynzE7YML,74Dt4NTtCNGEtYDI11gQLN
0qn64q9MVIlHoUnfdcsSN9,4gGvmTRAVYermHdsVNW6Dv
0k9Gu6Gw0Xu4RSzaKaaFZi,0WnswzyGFkivRauBSbzLv3
7aMQPXovqv7PGp1YCcVptp,4kOaGIpSiVKC36tVZomfdC
1NsMu7kOA3PbMi43wQBiJD,0eR9wnxs7PAjthP2eci7op
3nn7SebGCHkTjcMVRSwUAR,5Q89EDZ9d2SGXViVr90awb
7e6gi422iHsPTmlPPYaWqd,6b2CLhWfAF0JicJOo1RhqX
79f4YGIHehV62UyKk2g2ew,2mUQi8GCareI4VWYCtDVUL
6GNjxWwhOKiUuyC008Nnwi,3umpreLBt30zgbXWO9fbZY
1BQw6tF9Fogog6oB3lQ4Eq,3LXf08L5ZFzG4NSKK0Mv3o
3O5rg3CGsGHRtXkY6IEleT,4nZ9EgYqbkInGTNTJZJRuB
2LhaJz3QqeBKlqbHjc2Hye,6dB2yf7rrkUt3bcokgnxjO
3XfzkTHDf8NrR2ZEYlKQFI,7iOMl515lDjKxTDlm1xxSU
2C74sO3IjfXbiEPKD6kjQo,6cBs0IiuiBT0172vOcc7GE
6s28yKvZLCiE51uMHbtApu,1LjGCTx0mRpVKWPdYmZfzv
1USIBOjQGyXDQW2N1fUZ6q,23hXTIez5nmRsBkxfcCqXO
01gA8BZQ4nRgWY3BP14HhT,4w3dp65mVEKvTHeKZ7U2l8
1fCXa4ozWDMabkrxEnQJqh,4rGkLTgvTSnxAPy2wv3YRW
6wWdI2JnPfWaj0DR24fCWz,6jDxgdRpGPSfYBPjLyxUjy
6H8PXijDy64KFySkh5ngNB,1jGWrROPgDi52quwnTuSec
62CmBWPso8MZGNl3S47YdA,0SuFM875msKXWm8E3x34DA
1hh2TP62m29fkwFLeS3KEN,1nCWLPCr4ApiroIwGc2iPi
7nyEsZipW3z9mtps0GDl1C,3bQ2OhLYJLWOwjaVsGpvq2
6W7HtThQxDNfNmGeOGLQja,29hOW9HTPvMkKHJariLIVF
3cfJL3v7N00sY3ITLDmJkk,5T2NS3nZNgzomJPUyaHbjW
1GDtK1qTGdOAHPYTrxQ2Df,7cnddEO0gHQVUOsjbHNjcS
4FDS9kboN9FJqldwtPECzu,746aFjbAWY3TuL24WF2ZMH
1OX9P0OoGZcuLMWFMm4mtB,2i7eNQWtngD1LewnSYBoPE
0waH83BnSLz1p6XCXv7G5o,35g0m9i9QgBTsdn0Wt4SEw
7r8wuW1LUCYHdEHZbRKm8t,0lgbqZ4LTgaFxJtMMH9dya
1ig22ShcS08wUCFcmXXtiz,3pJlznfTchUj3hCwXVwSMF
2uWrGoStbNx21ntU9R4jiU,0s7zGSGiNfZTvK61easyHD
0DIEVUDU6evMNb3D5pLs0s,202DlXrnzhnaOnShk1jHfk
1bKYnmBrRkCrSwhdr456Dk,4oNPq34Oz5WQlVmGxbw3kw
0RbwFGWf4kCvQ468oFtCMk,64hrGWuaPYOLNAVPOUG6Nn
5NVTlTbwrEDuu6GzZwdmQW,2RCVrSkNzZ2PgxNCYz37u4
0C1RAj9FKxcjtps4hcNzBN,0jVh2zWP88t1Em7wmqsmAt
5s1hbDnuZfpxK0e2W2Zt1i,3Hy8UMK8H38A1euqgJ2bNg
0ICTpraA2I1KV7IwEDbfHp,2JGcH7TkxyDNTffQlzhENY
0wCg0JwQJJceffhtkXlxSl,1tYgM2P8DcZm0JpBw7flhv
3mqC2D3n4KpnSEsYa58wpA,6CymhELga0HRjQgQrHoORl
7qg1D9nKMvb99jaRvW50re,7Jgg3I4hov6UFjAmYDLSqG
6cS2F5B7qZEXmNkkN0vcP3,7vbTza2jw1UlnuH4pBcPWJ
1tKb7zXWwDJgueFwfCrLiY,4WWywiecQQjuEqlT3fqH0y
0FzsdnxyIpECzLwoyNwpuv,2h1NfUCwVUtYkCadHfs0Uy
47imeLb3phUrftKezc6DuG,58kb3Cqm1RRmfm18sxHASg
5PEIlmYkwjYJV3Ypx11zlE,1p6gt3zMLUhxZPJzE0Cwjd
3pwy0VxCdlVthYkXb2OzWx,2rFX7HsA0zkGL2vW4sUsXk
447Bs7fe64r9s3uPQwrk1M,6oYF8BY1vLB9jKusvfVmBo
0NpnkFqPOqPy71r6Z0kHTr,6YkEiKjUeZbh1yxSy6YeZ7
6d7bsAD2hcwpzt8yXzGQHW,3R8gmUukzfdNXHekpujuMy
4n1UIQLcjR1KSj8cI7X1RS,0t7UUfw7XLAOSv5jyHmIRW
2q19DupDUOXpyRwZ4kG4hP,037WUeFqULhpCn70OJFbtP
0hzqtw9oFAS2tx0G9xodKl,3OOAf4Yeqlnt5XYdecpR0w
0fjFfo4fjXex8kNyEu4CZ0,3FV2AQ5XPCCXqHvalR7SMA
1QSSKUqOFtMKiklJUzGNAz,3UhTVSEndJaCtsO9JqWrmB
3VmIyKI24KQL0UVyCeglHn,3TMAto5qUk2J9VkCBEvRUa
7okGjYWgFphEkO4Yiq4ZbA,3pGw6Sgcd37kJM0AXQ6Tcf
4WlAI1jYrcdXuQ8QH1X5Fd,4VvCoy9PDFq3Y8E2XONvf5
5Hd4MJwruxEXJqhRjfwP8Q,6pD6BbKzHlkjijpqhhJD0l
6LG4maoslPuedlB49I6g7M,6XC72TsCSZlzUTdJPVEGlC
7cMB4Jtufj9OEclvEguSPU,6XxP8YRrbRK5E5GCipnMJ6
5CRccbQhztuQgNF86DhPv3,7wEzKmGuIZo37RwJ2uKVxg
3Qpjcy2pfqIG7PnvjdbLBB,7IaZ73ZsBAzUsFIBG4kCSV
5bLSZHcNqVuyLPm8xQmB9G,4nqJzt8IlWNXkvex9ACtxM
4DqECgdlJp6wXWWsl4EVCg,5tuhxKlP0La0YMvMLHQbzw
4UoGoSq6fjuKZ5HWa8PAB7,6c9pmpXwhAJAbEpwvOmgA2
2xI9RXYhDriU8D75NxgtaP,3pFDariqNavKsK6ccnjPNa
5nwk2ZMYxyl1Hi1QRosdel,3Cs8t8GJY876W4HMjQjRBX
2pDkXCJVJoi0VK5LnQ1RNp,3NzZxTpqLNVIrb5KFUNYHu
1tdxOofABQZvgQJgKTtlEg,7snnanQveGg5bZNofWgcy9
3l3AtrA3abTImiRumFxHTc,0ixyTulyiaCPersHLDfDn1
07KeSudMUJHfMARBQUMwfc,2AuJFbO5n1DNmE3RCbaBCw
06WIiFArmoAHBCdFfQpz56,0JU4WUagLxckgNxbOuZt0u
249IdvGn1QvK64D3VPVzdS,2FxwTax2LGVybNIrreiwXv
1oyUH7JHPt8naqA8gKh64h,5q2PRY3rS2Y2TNmjIOJnto
1s0R1NzSAWj3u5vQZQ7Jx7,3d2yowRTcZpQgtkNFmFNiQ
3qIcWGQGUmiUPgA2x0W7OD,4xs3eeuZb1WofrjlUp65QP
4fKmI1PWEGh4qAhOgZv88G,0xMvLmDq0ycn24RhRWxpUW
3gURTCIlmjaSM9PF4UOjrn,2fULWSOZgRtPoPZs0leeZV
4aF8MaBJe7HIAdysMuxjNJ,1oqY0RUQD7qzor6B5QJneG
44zLUyCvdmvWwuaYG1i4uE,5HQWqktngqV7CQJlpModWV
5uwZNiUHsnjGrbr8aql46Y,4zNcOicCRnJDYz0QYXwBUL
4j8Webnx0AfevuCNZgEJRP,0rAAItMEeE8x7UJZYaS0Fa
6DNQnnijzxfxqm4QfOVqYd,4JahcPo6CXWMQOnaRp2n4p
2b6VJffBJ7BA4hTDtRzGpx,2t9WioYqK4d9O6AZGj2s9O
6hZcAgMBWyVj5akV66MoCT,4kKTUNhZtqnaX3kXkSXYhH
1csth0vkJoVkcp0iRnQksO,5ooAWPi7WpbPN9ZfY7WBSY
5GAUxNKA5xSEd9QouTSpeD,6AJaCdnVlBBQneOz777gNd
2gLuwOyVXBJewnSwgEDpeM,69rrZFeJk144K4wodgq2Rn
0A8JnsQHOo0UhbbUjVEw1l,6z0l4NHQdQ7UebRlJoHC8j
5hZJq3tQTNmLd7uZm3ljZw,5Y7Hj7kTw0HzQmVom25sHJ
0Fqv90llZ9awHxgZMO5Hwr,12Sie89VFA7W21TKdPuc5u
59XJByKOEnmxePXKvKfTmY,3Cy3xQvpMFl5wphdpx4Jt8
3nkYLeP2IeZUQpoM2iYNWO,2shOm1mTMJ5M5m8En05cS2
6hcmhm2SgaQpEJKfos7NU0,2EyPRDAYdcOrgAoDYakPp6
6zEZI11xxKJwb3uxRoeLW5,5cUaojJDHKjr6mKyjssHEr
6tfryoDdiSnMJfIks1V44z,60lljI8hmC2EAuhdve62jo
3neiWVDguv93enccgFJf9y,4OFQytUUkaRzytkB1mL4XL
0f3BZFtpdqADXpBDnXffXL,7kKcWSH71UK6MEfb0v2eQy
0cbg6X6zeMXIUVdNUTEhxg,0S316r975bOUnid1MSfMiZ
4bLBEmww4AH5dfjDde0e5L,6JFacTIwH7NCD1p2CmxVVV
4bLBEmww4AH5dfjDde0e5L,5rF0vS8heSwpbTiPkjBbUQ
6VGudhwwsZplfzgvUB2NeP,6Hp0an1CSc4CAe5yoUJvfO
33cYTTlQRdUWDS2F57NS1O,3Vz28xxdhA9LGYh1HtLoTo
3MEC4FrC0D6GrTrYA9wtGr,41pLtstI43RuHk47pWOWvp
1iCRwyGyWF3hImRYZMYQ8t,5f2zoyMSvYvBHMdU06fgzx
1sMr68ttLiTD2QPkLEaNK5,7tG7oZUkNEgxi37431sYEr
2W1HHKWKOOmAO1RoeCS49A,2EsNkdLFM2hTDt25OUfTRv
59XJByKOEnmxePXKvKfTmY,0LRSjrfUQaq0d1Mcg3RqvN
584GAxHKmXYgqGQeNnqbRN,5av4csqbbRzM2g9Qk4capf
3IPx75R3ceIj5PYKYJidbW,608aLqwno6ULUQZfonTW1Y
55V9xzgAbm2w3g3WgVOPfr,6yoOB5qjL4dYOygE8ip5UN
07xr5B691So7OXpUfV0z6R,2XjVi7PMd1WcbL6nAF2Zos
4yDFumTfFipLYOeUWLbseg,0vAhT2Fud9vaqbAkkPzy8U
01VelySZiqId3Zas9i7keF,6Z2ME0FhjFqPrdnjXiq3Yc
0az0cXLdeYYn22Xk6685Xg,5chf4Qzmjg6oQLESa5Mtpc
0ITeU9qpx0uNglVGnWhjay,7M6YylEzfdVNiKHcGZU6kT
3gLyvxHHjBlClrTGcJNBwr,3fJ4o8volQ7tYUaPqYZPUG
3neiWVDguv93enccgFJf9y,2Fz0Qh0xrireLZYODFNkUT
3neiWVDguv93enccgFJf9y,3tXJeQJATVOYs5TD9IbiXg
3neiWVDguv93enccgFJf9y,4va78CZSf9PDUW9BsgJTOn
1aK3aNjgOdywDMZ1vBbrRo,7qnNyANPpng7k5tvTuJqAy
1WzkBPLMxda04If8kdLVTJ,5aUqRB2UrPoYynW4jSFCzV
67rDE24mSnwtPDtcBx0ETs,2KxOnqaeD6wRFjlsAciuRG
5qYyaMsG4N4nfOzYVpDlZZ,3ml88bzzmTWPGWR3GYRkms
6sFCARtfQExa8NYcIBx9IG,13gdVLikvhINVLSwsf9jvN
6zWql6QfkEIUpSghufqzsK,61Jfapr3R46O00UOVjTKOW
0yhqyTd1ulAT8kADrHfRiu,2GoBqofehpUfplMNTMjiYV
4ahAsJpuzb1V6gIqNG5FbQ,5675X0BCpyxAum29jueMUC
4ir25CX8pHmpbuhCQDXsku,22bNlvnDQbYAq0Ex2sduSu
5bBEoOKa3RFTrvNtwSnTUn,6jsmbHZd8RPnxN2Ilu7gF1
7c4A33WznTkdnqBEmLsWWF,6TR0FGw4zhlGbQALN065AI
4JJ7fKY50SpYZ0bcaspzxO,4HyefsBihebUexaNmDHYa3
0VLqj6TQdHxkXUyNds82HZ,7DiIunh7fosDzqioVRXYwc
0QMSmgg61vWHWBaoLcwHes,26xW0lqwFci1qvXlaNtQOZ
6cXRzkWSosIQusfdtwXE56,6sFAZiyFI7uYPEyrrtFIIk
5xSRWRZB8x2QfCuUqVQorV,4EbhDVnxwmL5TxigftUj1Q
5ek7yWMWNe23UoSJr3bzaZ,2Nr0hLcpz4IOrJfm7ymqUM
5mxv15DRImIj6zvWRj8gOs,7avOeNX6FzjcOeGpqAoDYJ
074U95kLP3roPuXrpjTYtT,6WfL1pwMyFf3IvFWLnre4P
2tAvOofx9gl7mtYva2wCL7,14LsyZ2OWkMBrdcQMAGY1C
55Cvszy8lFpEwLjfdEduiN,5aZlHP5wSdzeX22l2MckcQ
4NyOcOlhu28ynJmb52Vk32,6RimBqPTs19fYkzERaI79P
1naCJmNjiY0CBbCqJ22r25,7MHjC4y8tMWDV1xA3CpqzX
2wdzH3swwMrgf42JpAInyZ,2esowwGAkKjglmn6cBlDG3
3hedoXpz4aesaAesnYWALr,5KE3OS9T2HjO7mmDz1tZCn
1BlktEZMPc4KztTlS0E0zG,3VYXaYVEA1fHvJPWSqNakj
7wN6pDcuCI8dXEgASL7wrX,65jRKTGdcpRYehduPtOSXc
5ZwqPuurXv0oKEZXvfAHZc,7ebulpHSffs4Thc0VM0LHv
5YZFw1wuLL8CeSriTv4Q7w,3PpvhYXmJdfoxeXGWJmeas
1vi0E11rXtLMTvBTL4N9bN,60j9gajSmOtk8YQqn8TXZC
4G8dmDFz2osEiHsr68G4pH,1F2UDF40RzF6uRWlmgAIBh
6BMWPttt3nufCPHkhrCqsK,5etbzgBSaMUxCPWEUwvGW8
4ynupIVhJ2WEQPcwUJQZBC,62WN4HPQAcXVcOjvKajj2Y
2y5mLf5yWscBJs0AmUSLni,3eFzpMN79gfs03IOrslStY
2Em6gM3sAVIzuNJXgT2oDo,3GZOAbFmTKxgWmsIdo9zYS
5HfuFqed33eOrudIBwrSpW,5YdLFfjEHFmyBWp3oVLFeZ
29yvRHLQzqOXp1nA1kTa6k,2JcC7EjTu0kRQQdi7DfXda
0eeVOPhOPgLP3I59kRiBOq,3xONR6I5QGWYD3mTJG1q9V
3tIFd6FxWewqGigYYF1Ece,5ptJNmC2ZRjB8xfSG5o21T
258mX8I2ElkfO0LNwI3J8i,2w1JSr3I1BXnTRyGskbJ45
3QbYxZGnqQD0Pyq7Tf4vdb,74KQqdwzvt3SfBVdRrY4nv
3fFqO28I1rqzWSE20HYkry,1gw9Y9TpWgFvMFKzkRhcl6
0hxCQwXIVM8NSy49UWfBhK,5KdnkKcfkKMTY3QxUyihQP
2ZKCBIDlY3mymHZWCqndoO,6TdJFS2E7i0jw5aNzdSJ5Y
4fFRIHBgyikyU9BDvjGwSf,2Y8HGkYTP2z5yCt7gkhHxU
4VMdVpCb1fGYonL8J0Ycat,2TdoAbQvXjuOkdqNT5fZ8C
7r2K8L5RTScDuFqGqrDef4,7grLcdal1bjuKp5HxMTgcN
6GEm0adkJUVbADPmtzs3s3,7pX5Xw3rvoU5qiG1pT55Kn
5OsbdBNWrxjBa0SDycuUtY,6xK0KpDxwydt3EK7xT9IQU
6aB5OYpRq7OSskYG1nxsQe,5sZW8B2bbw4FeeuaruKkv2
3CYmEaqa9Cr6f7yy3HlkQF,2fa1tAaCOjcDzp1v8uhYTD
2Ywiw5MF68BxLeZsX9PiF0,5ux7vPrODdIEtbDj0RVnYR
5WDRitritQUmzI4Nx2IRtd,3d0lXu8fi8wOAW2chFrpTf
66XP6CtsaQYAdwFpXZNCR8,4rF7lmuJmsbQvmDrI80L6m
0I0Ox6lx86c4dNYu03on1p,12bU1D9kT3Fnv2WC0dY73X
6bX8zb1gKiOf14eEaLP87B,1QYnucaLV9pD7vf9S8JxgZ
6M33B2fsNAveOpSXxwR7VS,5PZK5hjC4XqEh3rUazXlW2
6M33B2fsNAveOpSXxwR7VS,4BGdtGQVWyTxRGv5bXYlOg
1dKdM9GhQo8XPRIqbMoRMP,0PGsVojzn0gRN2ebFI6Q70
61cNobMw3yraPUXXtoEd83,2irEou9E37Seg3nV4EYd3O
0YvrjAlQ447l7QprLbp9f8,43YnSdeDaKT7v86pO4uowh
6rAfOoSkypJ0K44KgdkprZ,0uow7Vall2Bq3lSyxc6GXN
0IyHBWonEWxYr51ByTdE40,5d5Ov7QHzg7EaifJ7rRa47
4F6bDVZyyLRZsUp2z0gCmh,2lwNfPdOSrRj7rdkl3Hbzu
26Qn0CVjlqrdk6rmzktinG,6ltJFCj0ib3UYN5CBO8uoX
6UIywm54cHigQBAw9nxuzY,75HWXkvGYhZ7ZUaCW3qF3a
5mBtQFXtdgne7ETDr65Jwp,1E3pCdcTHV0Z8SMByPRmIL
1r68zlXOqcs5VfGyVxY5XH,6eLjCzq4GFzJ5gDjm0I2A4
4F6bDVZyyLRZsUp2z0gCmh,0FHawPiXoFQRKGLpnMWdCa
3F0Yi5rF00WMyidAISDHKF,0kFiaUg5LDw3ZpsNG8msde
0utEitrHs87V3KiIpRHzNJ,72y2oT4TB84jDKWfMxZYWH
0gHA1osoUa0Eu53pzljGxZ,3SPjW9T9jfL2ZprgkXqxnI
0lsn1HdXRWFNULv65GzRcj,1tncQaQyleMCBkdsURb9x1
0BysOODMvw4P7nfZgLoNde,3kvZ95Je92gWoXF1E9aFQM
0kPrrEMt3ShdXXZxNBCvdy,3NxDoQuVlRRIv1pFCwGUot
3AKto0kGctRc516VlXLJQr,7MbfrPIsgFDVJifA7p7Evk
2rGwPVULt73kHrtB3rsIOs,3TUErt7xP33VW48HHtfcOM
5A7FLvpkxnXxHWGXTDFfcT,2H9CIB8evPJlPURIOY3Bde
4LfQjO2sd9Ugw7QbK6PXfF,3YS9bTRaYtGyBw1AkvRQZ9
2Uh3fbJHm62insgr3qJLLo,6novp0cmp5qTEaO6xr9i8L
7quDZXrkNB8KtBWbGcNvXI,25zJ7gxdBU6auBkXwAQKwE
42aWQU8pO4KLq2aNwidEZS,0fDf7Fo4Lb6DA1mmKibSNc
4BFScvoTmsWBFBPgVSADbZ,48F5ZkDe3nz2n84TG2KhAd
2XOkkafhV3j44loklLxeDs,3k3g8a91uaR5FM5W3lCgH4
1hZzno9Hi1ypW14hTXUHht,31OzgVD6CTMZwpblIN8BcQ
0CrHXX08nM6ovmzCBWfGXA,0PUepC3WMLlc3FaHI9HBW3
2lzZArrgoqZcdHaIbHIW0O,16mKRxkOn1luxCsBS0LUvK
36j7x0WDVyci5im121F4dh,4p2huo3cTwy477D3Y9bKWP
1jCD24WnDO6bPODoaQSCRx,54Ji7vq0ePcmzMwEoFcUh5
1bgPsKJwqED6DoNaZNdM42,7dRoKrWenRRyhCbSicZwoA
5eUHs8CussoumFCO2guELs,2UsRV8KFvHaDFUJtzQADAu
3giZg1sOZTe503fZQiTgnO,5uKvLt1ya0MBs8Y2jGD61f
4EAehCii5lZgeewct1LA5p,5HGxLtYxTriF7mMiriSpaz
54ylQ4Cro2TCCe3dFhBBmj,093GQDhkKRqEzxLQp9FJOE
0xRNpek7lB9FN8Y2ESE7zv,1mwXcgYyeeKm7dybRgw1Mx
3RkPVNIqXMs2cVGmKJslJL,1dA32mQf0dMV2o1xumR0aq
21xU7ylI4nTeZvy4Skzkqq,0z2xwkvwa4sEwaIkIVKMvy
5vi7rPkrmunC07MPHjpY9E,1IGzw0lRYk24DuO74GEgTl
597xGWuJmWfWFiNrT3Bo0q,2KYltcUss3zgmuYzbsyGhs
2l5oSgonspwsQKvPLYCb6e,60ftSeBSvOw5gZQksMjVFz
5Xx4LHyVERRNqa0nSqPTm5,24t0VjLfRqHUw0kgp4Z3lI
5TRV47zshS9N0rEqZ7PQwz,38hMAikhgJfz7Q4ZuWr3N9
1FeNtRXk3C3ddc5SFnMdUZ,3oJccZIlX7IjgqWqghFz88
6aNr35XZpMb01QxaQdINFV,1sA8XcunAqjZoVM0uhFNWp
0GEElRHZF8jaRlD5WC1jLX,61LkSDHo4ii0w3NuitLcCZ
01xjYoGDdMF7H9RnDmomPv,3tt1Tsro73c0EBkj5ZAJtc
4ZGDnQrN4T6TU4KT03tnF4,50nfJOlHiWIO4BFtzlQIiN
4DoNVtnUb1oTfrJQcxFsbs,2Jrr4gRBbOiOrZu2jo1gSF
2o1klTHRbovfM3ABxUcKnc,0WE8YTl6GAVHnkfvMfci98
1sVjvYLjgyy8NqVzQ8btLt,13fH61y6sV7TuquhIiH3YQ
1SvM8vd4tkbTdOr4yrUair,0hQtQ7Ad6Yx0JkqYHsVFu0
3sTdQoIdHfjxVLGtb3I3FL,1dtNRzHMtDS3TtIzxNdyag
0tzUcNV1CNq8D6JYS2wosW,6u6vaQoR0IXCWRSOP7h7D6
2vcisyP9y8jUFqI7W6x7BN,3ZzafniLjEBqRM7GeyRcvz
4AUlxBbuEVzK645RFnaD4i,0sC4CNFI8FdKJUDuYPdDiw
5iYWRlPNkKIx6tsAxPmnHU,0u41lLNlRavKKpLjWtrgMd
3yYs4kAhpSnBsHC1Usadyd,0GiT71RKKiZbmBH4u3VoU1
680tsodRcjHUbdg5HYLhqZ,0j5ebgL64bwNuu0MpCq8o8
6ty39Pp0W6HlmHJDV8wVky,2lcxuqUUnRjIwHpzKrHwTC
2DH7d27xhTHcJ9o0PPn0lf,25z3WiJSmNFxLg9qpiannU
18BzrmOh8i9h9VGaJLOtAs,3xCzJdEk1ixBUPg32TNirS
3CBJ2fnrJfyp5UnrIt6Wvw,1STyRAWBlr18jm9aRBVrqE
0GrJWZOB7nHueIoCn8p2B1,6HOsFY1ygOG1C5SB5jjy8H
3H3MvHQObCHzt1yeEc9KGQ,4q1Pi82KM83zz1YeueS79n
5tOv0p1MtgLS2pxf7NeOxm,09JTIx0FwznkHACzmL67mX
1YBgSR1Xugrpwdj2qQHn9O,3p8v5lnwyNe4L4iZXXBC0G
4v5hG2SN5nYh8zF3MMPu4B,3qnUiu1MiQJLvZ8ZiaNGsa
3rKJhEQZJMybpLGan5X77r,4ARgEF9WuWcIMPhyBHeXwk
2OoAJNYORLVyEtMnqIYvsd,48eHvPFU6iEZKDN60V1qJn
3oM67ehG9IkPgF8JqQVPLl,6u1BgjotlF5sUwMvpTqtdA
14WYZhm4pw9SliewujZtbV,2ihQeU6VnZrt8TTEDfXCta
59hEl9F9nAeJ0ee1rYAr1U,5aBWmxO4Yp5TlxL1tEZW7s
280MVEV8ylL30zAvcIbegG,02ogP6VArQeKeHCkXqG3sf
0x6EOoUhfvoAGr59ZFCqn4,4BBhFMC3VYXF2hSrNDTpBu
6iZIHyu9N6uPvFp6wXsibh,6Kkq9o02vtnXW6tsEBBVtl
2VDfDeleYZLIq4CWUGom4L,4lFpu6vEkD4SXvSV2m3SBU
4wrmY5dcMVnVzp0y1H5Pz2,7BNm0za1ZISdcthksaR0Vp
4rIF2UgkUVRUxJk7AfxmeT,6rYKBokWXmhczi5pgKMSJy
7t0QKd4JqvjHy6jtFcai64,1dDtWwUVYXb9ouZ8dVQUc0
2gFfMcgyOf2CucQURhcfdg,2883JdzRwEKKBlcr6lZqGe
35tAkg4GJZ5o51nR8HMwxb,527DmYTGji7rYhR1BdECe5
0Q720FoZbxU5tKm69frdVx,5q7qTxammlX7R9BspTIJu6
7hfPwIkw5VAyj7OqHWunvd,50bBIv4Rv2Ihj2j14M6KQU
47qmD30x0oZye9bBYAHKkr,1aFtQBA3Gxn7he9sFxSCG1
34YGOnT83gVhbbkwUzZQcp,6JGdPu48UXhKGFIAwrtKnz
2rfpsegwP0rkcbFM5gtZm2,3nmi2v4M6bzhmNX2wYL32t
1W5cH1R7lFqJ1mxo0YspvM,48b0LJJasx9jwKD1oh0u5g
3HAVVsEgWUwlXE9wmIs7wI,4TUaYhzzIYFehSUy0DD83f
5covQ2LXbpXw98ICHdjMq9,3AKj9RRkn7vLKq1B2zT7lV
1Ob2kf47YK0Se3fRVpaHQe,1pySs4hpoPCwY31ALsK1ur
4342rMsCQnt8n3eqWuNt70,0jh0C1rTQxK8VVplZTjKIY
1N2ao678nFxSdmM7hbTHzs,4ugZVxcKDdriZbjWRNWu7r
0QLWjoqxs2KJ9m9CgxmsBa,5u2hMtyZkBMKq8aJGrwoV7
64u0lC1SdCXkZepLJ6viwE,5kxhWnVt5pnBY1pIDpi6mk
5opSvFlB5TzgLuVfHrtI5o,0ueJmIBknsVtJcr9XJHrGR
2XwSZRWnaLPBJLUynPBvSX,7J4oKdV5vaztkAs2h7FOOu
11t7E1KvTio7HrVyJwinyH,3Y7iBCvQWHY7ZTF8Y54kNa
0E8pZgfv42SubDEIv2PIum,5LzlPEWcvC1r0dJdbPDyQG
59hrwYDIXm7iDtDRsvMuEb,6L1Qe25XImKTorv6c4kGcf
0xtCrTPnWy1Ui6V6sepC37,1o97Vp57aVYyOL6od1gdRU
6bkNSMs4fUKUXmYPs8oDY2,5LbdHFySMTsvUVuNDRQQF8
69cmfjUXCO4cWndgoik0AQ,0K7qHafEiyzQfr2kRi7NtS
3P5pUpJEBYh6iT8yvxjjW8,4hUxUKMFHqZBBsR7u6Hhxr
1HF3i4x7Ln3C1pihC7Iedf,0VITvqIFOWcUBDZ81m7QHd
6JdK3hKy7rB1b6dXTFsWdA,6OrdZSNmKKTEhnCbYpeuIC
5xCiGWjBduXOF879h9HIbX,3POPcHITbUGbgXaludW08a
1wkP7WxhphRznOmSu5so5R,75T2HRIVq1HWAYybrCl6Mi
0vZ00SzqOGKvK64UeqnQtS,3m3omc3HZgpfy6G7LOzjvK
3wj6rlwOQtvaRdvF60Y12B,7BnnEny1hfJYK8bkq45R0D
0AsTTy2s5hEPOasYtQKCQR,4qXjXZPGtVNhQq1z9QDRFn
01KBC88qZIv2iIEVodMQe6,5VkNcbo3JDsUw25CLP6FZh
5rxFEVmeiyJ3oXJlsDW4xa,4I64LLvDVzyXQSJFo3OIm5
5whtt8VxaS50WLiWTcgUnV,1vmzn4qvBK9LH6lr3dvV4m
5TijfininJwDUX6P1iSyf7,1r8ZqfggYqW1R2JjiDGBQV
1g0dlppOlUye7xff0U826n,2YwqjTPD534aC6ApwbeTwP
3ZbmweGuhZhl9oOYia9gEJ,79KqNwVphTbRobgOWIhlg4
003kQfXyh9cULDgy9k4Q2E,5hT1e6KZjsssoJRmzDZJlf
5dCbhsYIcXSE63fTkML9Pm,2ByTjtyKo5S6i7Knlzezo5
7LILordZsyIQ88OzGaS8n5,5o7M979CiUYnY1M2l6VMQ0
23qIrioI6IeCxzbc36pzDS,3NQSxUhDLDoRYu74wQAo2W
1phZJQWE4Zej2l3IsEP0O5,4cCIyd5nFZUisze9gwY0SF
1EjM41FCUoaJBS9cOjYhpu,1pMK3CNjKECeAavfhMi1kn
0p2QNuTbJb6HXc7WMSszd4,0hGm7ihOGmsiJyAVE7RGuu
1DhXzsPrJjFpwOKRPV2Hpu,7nionv2ijjqUlg9m5iWPTc
55RB7beoraMelRsQ2V1DXx,21RqIEkcOMcrVGeOPE7IP9
07nwINQL6cVOdY2fDWwFmT,74gVdAHBD9d9ZzON9vHESI
29iHejEs5RHC3EQiezTLrd,1nyyEarKbjbGm3iJqvZknV
7Kusf5plZjl76X5ARWJbNO,303ccTay2FiDTZ9fZ2AdBt
7LYMYG98W4hRdT3mvnMoEh,48vKNQNZQuvZ7WzhpaznHq
3fG86EmjpfpnsUNMtzks1t,4lo3PZgU9b2dDVHP23tgIC
6wp1us3xBnYz5qldxrZXRf,16BBgexi1do4TUwdkbdmjY
1c8CrYEuOu2xCtwx0DhVI7,5axHTs0PrOE7oZj9Ws6Wfd
3VOlBZwQrQ16ggaQ9ksHZ7,4tTpmg8AGcChIUnuio4CtR
1CZ2vgcbd4zXxoKm1mEspK,5EvyVOFywh5cS04TRMhveT
6SO5Ikmrxe7Y7ABCdUMHMW,4jV5Z4WuKM2DeUiEGkFJQl
4JMGAxoXvJAWNMFeOfi7qt,0RWwgS4kfneTwrSD6bToGL
0DlXU0kUL0iBJXHcuo32xF,0v94rjUoR848kxbZ9BsWy4
4qtbN4CzPna4IXTz1Vjvje,7ifGCo5J66ZmGrWCicoZh7
3rXP764bPiduZ14N3LviOC,1Ti1FWfTF8WK3PSBPQzy0z
1f7HQqqkUBSBSeP8FVBfps,4IQave1eCpDGvL57q3lSD9
0uazojMGgZao0GEKOXGwyA,3o61lFX5YWLz9pZgkbeGly
3C1v2E4gAbTbCk71KQJCSH,6RR5V7V3UGQxNpXDKb7sHH
4ChLJRW8HQ0sxHO9WbDbVZ,35K1OTLIKDerRc5VP0jID7
2rekeGXe7IdU7o7qnayVbQ,0baUuonAecT31Sju50YgOB
2TkSmKnbYgnOjbBNwL7mO9,50PPSxXsLw8n4CQrWPopIW
4t6fUUuiT5jk1nPosXnqwD,33Nw0rin77SC0figBWxiAA
7M3n9eCB2jFdtpspvYLaNH,7Bh4uNkEfIaLtrvliGI4AT
4lCFkQUgP7I2Wpl5tEP7fq,0ggiaJtznTFxzMQeJMxhPk
2GbMNQQT9q4Y3ULVdmwbji,5JA85EYInaPr1SehlXtMXG
6v8z3Jccb4OAOzO1Urr99H,0LQeLxFAwYUFQUzGgTufYK
1SAkFWIbxuNoQXGMeY5y0s,77IlnzrghE8MN0y6BQfIde
2MG2Fk4JfZ9R8Hae2MY8WZ,2WcTFyOuThG1gTbKBdXtzz
0tTQSbOXBM2jUyHmpK1pa8,7dgUs3MQwMydjleCQUPJeH
1lM5IfaqcIsXd6UCV3aDSs,7qVLZuvzNjyiy3TVtEBwBE
143cxYCazoiNfviHRmxkdv,6ho0GyrWZN3mhi9zVRW7xi
3EFxlRNV8sH8CWDP3HOaEI,1pV2Ns7qyKy8xozUUyt52i
3EFxlRNV8sH8CWDP3HOaEI,6DTpCzAnB3QCAc3b2R6k7K
6r41CMBKSxirkmFxBUEZLC,3EfkSnd1HxnsWFkWjHbyWO
1gHlKJmPtQxJw2YoFhlj7q,50vuvdzclUM0sEO3Ysrpcn
47wyCwrChF50ZTFNOuWx99,6iC7vapdKp0XlKhxOkp8QJ
1md43OqpB2SKqTmKR1q1YQ,48zgbsLhb3MirBgXt44nlH
29p3XedLUbGNxK7aje4WPW,7zp9FOU4cjFdGN1zdWTvcB
1liErVnMeM66ZGZ4SawjGP,4gK7By9buprupZqyzWT6vk
4YhUVUv1oopWspQVwmvJWv,2zC0uxoVvItTXSrQTKSQpU
2Ea67DFDI1pUV8UD0TVexQ,54KqQC31uv1N4AxStOEv4m
2Ea67DFDI1pUV8UD0TVexQ,70ajgxsjPrQo83YRsB7uLG
64zleKda5qHm4Ak7wN1KqL,4YXcmuhTyk1b9X9ObiwsRd
2M1BIG6uhYyndZdG7tEsNz,5KAqCn57bbF7PNcFSjjl1T
5uyryDaHH9DQVrZBhDwq6F,1S44Q8UPX3RyAoEBKGA2wa
540jX1jXLiiThtaWfAC8ti,1OG6RHb3GOJmP9ILot4nn6
6mEFavBMsLDQQsbzzIzman,545nphHUuiPLuiPIGT3Inn
5wQ8cvTYocKCOzepF43NNi,7c9feZKNvthiW1H0NToeFK
778rIrQovtJDurb1rnrwZW,5WHtYopcNXTHKZLBylpczo
79BuUC7A4UwuFOcSz9BNhB,0bWtNDvDLoR1lgFhf2MEvY
2zX7m9IGagqs2IqjOgvLMx,4EBEDaSaDhYoVFFHDyMYgu
3o3g5eaGrYfufX9Su4fzee,6ON6ADVu2qwIvUh20sQFps
5NKJfvG7rXDOTbNM0TA6Yz,4Tyx8Vzu3l08HrorkKHyUE
3jSmlxRw0HUUWzzUTZRQlN,7b3YjzTPHgF5FcoDnCcGzM
4LX8ZKFXE87hrbR1d4SWXA,5XfQlUirwvSnJAhsCfGOnk
62A01FHBJvDo4e5oXGxKSS,7KyxK5GxsKjuqycJCEKrMR
5asNusoiD4HQIGQquF5LQv,60fT7VLnydlDRWbKPkv7bO
7zy8P6zIkCeX5dEBwbNTGJ,4o2LMdyunFhlVlDacprnUQ
12U76FGSsWGzW5aZjMETeI,72ZsDDFneY9UFL3V1fbhU7
4ykiA59HEv4gwYiDWW4UF0,3SDj5kxWiyprdn1S4I70WA
29h6YzXV7UUXJRdpnQaJ9P,2LAmMdTuNzuwJGyPgCosdt
4nv9KsGfQvZwIOuzDnbWY8,2XgcOGlE73KWYa43Deq8OJ
0g0YKewBtW9livkmiAnCOH,4kZgxNJrexSsATXK1lQrQS
0ls1gAa8FU4CIxyWk7B25q,24KBMWfxD8l3z9JwfgU9oL
2NghHrlS5VuPLQWYjWgebA,5LVPyvNtWjNkQtydQBJXF4
0HQyQc8KYSgmt5iVieQWNY,1UAKdEXWxjAUOskR2ormB0
0sieH424WlEgU2u6Z7YyfS,7tJtuTU4clCUgdWZWZUFuf
5SXT6dwhHX56Sos7KMcMF5,7jZHUhAmW5oq1cq6s8IxmK
20jcFA8FZjXPvArcDPXmYu,1mqS7wq92RdCvFJAMrruzX
3uzCopdeKgXNMbixihWNbB,3TYNQdnAM85I6P9UegzYKo
3OkJZf2ekMrxX3zMGSD6AY,1ouUKlviYOWl5yOi3dUcAJ
52G9NCVcxhqGelA4JrKzTB,0lgHrv9qcVhwII3aW9aMZJ
2byEXJiOLr0432e12AolhN,33tS263WZLClS5A4DHusOX
0SvXbgscat3ybcCw9liOjL,5gUmtebbGf7Xomf5mZp2ns
59KLojFBUI4yeBIEzRgYsA,63NovIxeUNEToRQgENFvFF
544MMaUVvbfjueaRYH0SDl,47w6uqxuzIZcBaVsHC5VCq
5UN4enHN5YEzvokllwCvKu,67W0HQwN6OfRmxw1Xi1jwd
5pNVtFzB7Oovo2Xchlssuf,1CLK0DVqpxSUaNTmfDDoK9
2gAQSmCJYvXjJj79f5CGl0,4LUBCgGzaxTaUgesD148SQ
2gAQSmCJYvXjJj79f5CGl0,4vwymOPio79dKBZk0RkAn3
3y5fQAMQcXwch8hlHuhzwp,09fLcyru2xKfVPpN01dL0C
7o41VCPHHGLp1ywmJnixks,6sN0QySNtZqHhEjyej1ukq
1togVUMRwfVbnPJw3a7pze,5pjWC1oJOkDfmqnuyy7rG7
6ic4hbPCLEReimCE25XW18,2HJPV3CmLAqe1j29A86yiZ
2OsuFEBuCdRVF4B9wH9Bl4,5qYyRJ4GJ81BuBboKdOCIX
6HwTyyGkrfyZyFXF2Zp5tL,0lSakCc3iMYu3qJAlZWXeN
1sW5E93DdyHJ6ZyGhZLRmp,41q5Pa3D4FGGoWUvA0Cq8Z
34MXGRhhiLxi34NrCzG18F,7BFvZStHpSDt8J11ySYGFe
5qPIkrDnqxksLOFpFYqvEz,67Hp634KZbo9B5WMsJOalE
557tK4mZ6X9a6MaEGJSB1G,3cR3P1gxjzx96dKztsg6MS
3HOuGQzSeUbHKB94Chyxj1,5ycGcr8ZiWiutDmLps8UQG
4M2u4aMYdzlapYFdxQff8X,3uScAKWFMiKLEjm3ndrwBM
2sXsjhBDbyzBzIoyRLO3pe,1DpXIqSavIpCAcBGRonvcR
76iqton1eP0QehwJWozCSO,3YDqEX9GrSblgmqgPTnEIG
72I1GgLU4udT6mQhDIs1ja,11thP8Olm9jk6ihym0ZVFK
3m57RvySD3cXn32gzUqPMC,09Sv7UhdsdlK0SA47FHltA
0daze6yF89vKB0eOyBVlvM,47iE2mvxBD8fiRWcoTEVZV
4BeCgMaFIh8XTiInSlb6nt,3Dv4fiFe8BnwwMXGGzmrov
3IcCAR80xRgoIEBuKgR6QP,6QLAXu8gtFqaw0doQcdPuN
33bM8XOL8XhRDA6lIeOAdK,2P2E7IqMR3xLeboRbO5TBJ
5UgXbCCZtfL66iJkQQoMwa,6NZceNVNJSAreye4TAzrI1
60e37EefKU4IwwgjZgjB0M,5sRjSBt7feBd03mXz4xatE
0nifntlcKYS2dwLvBShZ3n,5FEjhKjiFzb5fTNRKkue5t
3BGdcRvZ3Dn4gED85nf2MK,12OuqS2W6TkgRIGeDTmhMB
6IFgOL4gMGMulRMSyZchD5,0AlYwqat5pzxuDy4SmwOyR
0NzOUYodLpYfNAnwblbN2s,6RTWVXqjnGVFv3TiT6Nt5H
5QeYsFUCviDFchlnO0DjJ8,7o9vpOVHQj2tIGDBMWohMa
43Ec79Dde0bQ1hkhHNDEW9,1Tk7GuYDspyvq16jy2Tpwl
6UC9oEbksP0m0Sfl1sgVEQ,6Ea2oEzysv4UECGNxL1IEW
1Yxj0UYgJoZ6wuCgR0LAGZ,2J848BIgJm4iYS6jN6DeRe
5CvGaa7ehTBOhyxLDxRWb6,25V0TNA8cZLVzLQpHa6rB1
1hn0CRNZw1u16Jd2Vvopt4,3PW35Q7BLZ4xoHgCRxUZ4f
6zwUPGMAnjh2PLxfVDTdnf,5VS7aJFWhrm5U4gO7wHbVB
7qsDkAt7snoH0BHVom5d7l,4v7iD5hHhy5CQshGKmleGw
5h4wJIZVn43IZVTJxMsete,5DCSFGxrLMYYio1NKPNEO6
0e2Js8oKIoujYKNq8UiYv8,097Mycx0hQuTja4UU0GKOK
3FeN6KtatA3IUZzyk2FB5l,7z77gPqFTVCSrUdwwOKPot
0SEsqtMQGv94fUdryIBtpF,7IM73yy9leN8ftZsOVmVTO
7EKYXT614EhSh5jLDUdFAj,1QPb3sFVfZlcrSHp9skszO
7vNX7mSHOqO04a96qnoCjP,05RAOf2yHixdeWH3Wi6T4Z
3nvBHclmSjO7C451be5Wf6,5fmRVyCdOOgRIj6FbU5tO7
4PYiuiGzeYSAUyHRndblM9,3ogoA6486sKGqRZN3xREW9
1nGXdJkk3tf1aTu2kuUlgY,14fIlfcmFPlj4V2IazeJ25
74wtpDppMvgGadcCEEK2YB,1NIPZXEBbkcvzBZZOeYmqX
2IaNt0JD69bs9XJsxNU3e7,2XaEi9Lv7vlTqSyogWKetZ
0fxmxqOgw2e60JBY2eGZcQ,627JZ3dVd88Xc5IoHOeNT5
3pmLTOrDeJHsj01Fnu5030,1DKgIYnbrjbaYEaTtjqWOx
1voOnpa4pILlDPVsrIFl8b,1gRQxbfL4ULWyTosgXSbWT
4aCYJN7snDAMUw9yfvIi7R,6RIbDs0p4XusU2PZSiDgeZ
0SeCnk0XrwHqEbsOhp0nT6,7KNcQgXXEPr84HW300jnID
70Qru9lPVAQtZlkiyt0k6r,3ocZqgu4jExP3HJetO1I8f
2zWYLM3MaCkWsnLzttHtag,22E507CZ9vsCnhfj2LSYIs
1oaNE3yWS7mZTjOb9drsT5,0ZAFBx2GHcbiYZQzUhmCz2
29E1iuHcIzW1d2d6HYpiJQ,6zwUAZ2lq2dMiBevb1T7W9
2MJtWkH5boe4buIDOLdN09,1x9OZo11tDTHbFVbPMA9yB
6lpjui4oj1FqGPj7N3MXp2,7poDCUphuuR4mpZ2iqbxcm
6kC82G3IPl7N0BGDelcurI,3Nt13GFJxmmIibwIDV1GDP
3CVDbVGGa7reOmxPNK7dA9,3uzy28diIU0980wmysvbvz
6QppwGcLPsxUTi2DnnFTOS,33Y0bMNu467iRgezqHOPsS
69MwAMAk5pb2s5Nqa2UQ1f,23zhKetCwnjEWIYAbKW1nf
31QYtbZCYfSKgUl8QdAtHy,4siMTRzFfe2zuZDjRU3OFm
2yCYTm7ViWUQH4g2xDKUVd,1HmeVQZdJNLoRTWmSSW09X
3BzwYfe8P0kjTHTzWsEwwV,6wKA3JiFLbZTbBKnU99UcB
3yJ9lgNHBLXCwqaeSPXs6E,43w9F28koGWxg4guoUeGuB
0R77wQvfosyzJhPpXZxnI7,5oOUi3mbWQWiRd16mx4yYn
5tVSmZYCovtDXFUb2jsXEb,5tYFUBwZWKd0X1Vl8xOicJ
3P6zCeGs5tEZ1rBrmGIX81,5cnr9WcMqmzz1dapjblydg
2Ete3pE6QdxfnJIRkTUofk,2vfZzMnDUTvoVSRRsNc6FA
62r2ZKMP2Up74Q72b15EfF,4lGM07BUnKusLNY8DeCgVc
5OvLdjrsP4OYhUW3cQnEO1,2lqdmn3SMZe3yBxOlR13qw
2dQig0co8vToMiShmTYxVr,0relEy8u3yW0tfRgXvU0j6
5coA0rREiVGOVY05hGkiUF,7FF7A1krYLXYBKxcy4RukB
7KjHch4X8VNtlXYBEQUHjZ,7GRNdYENILpww5r2npYKV3
3VOZqneFdSCjL8HWcuTjAy,4x2nVsG67CpvOWSSGlpghs
1iVZyXQA9zstoAhjOARWPT,6BxfvsV1J2N0AP7gMqO1GG
6x7opl98sl7IHXi0uyBmb1,4Cy1jdxiqxWOq0oEEy5Knn
5PCwqdnUIak1G6svzkUXjG,1pxfNASi9Oa0rlrPbh0ZBf
19TmNKEFtbATOZZjXWrpUO,40JUruLtkYZYFjJV43NfCU
0UWAVOPDUHs3OGXNMpfaHc,4z1r2z1ScEfjdIQfvHf5Ii
0L0Qhc698cuP57ru5HnawG,4MfJwxz6JMTJdmCCLPSUrM
59FbwgMdBY4gC50lCcKThZ,4CDThn846W8Jp8Xqznv5B8
6wZeJ7zFQye02smXrSByd2,3irFLwVOOl4zLD84TkJPFU
2xIX4ghk03o4f5SSNFjp1s,33wDvUkb0wbSMQTpG2fhGb
40RivORkBUN2A1rKFbIl1v,4kBtHYLnb5FQuR0OFZDqTB
1L4lHg6s8L3tgxUWaB05Hw,0pJGV1JAxtxcnPxKWUoWYu
47imeLb3phUrftKezc6DuG,1E2rRJM0MsPNa1QVtyJMEe
5oZvtPDHaAAiKqKhNJvGIu,0RDIxmSmZNoMC8Hp1kbxvj
3P6zCeGs5tEZ1rBrmGIX81,3u2igBhRVnntAmpcTq5dbp
1PmlMlu9reZuR15xyvr9li,0p6EfzsqUFwvfIAt9BY7LK
3rf3nNW9tRuR7RLMQrQ5oF,4DwSMTHIpsivZWVgak8BGe
2qx8uJhPIKaLGKNdELsmKc,4uSYnEpAWsSEmN23TlXSH2
1cNtoofX8TnCb3ExzRg86J,5OdmwBCqwtOXfYpLXocxxP
7hMZlhA5J4w7qYIJEnk0Rt,2dpzs6UBVMvB4zHM6ly1iq
7rE2qU0GsiIiNd4VPupV3B,2LxdNADWier3MKTei8FbOY
3OI8oMJvMyTt3JokIZARbO,4iKJFaM3qXeET4pmD0GHnM
1CpgKiRyAHVsCmuCPQYI2b,3bdJqYqgm5trpUzYyw5fBQ
5PByHLgKAHvZLLOacUUZU9,4WcKObBMMzp7qBZWzcQR2Z
3Bi2XO3N9AL5f7VvVmyVna,5snyhxAh55A2wlNRH7VVZJ
5pdR4YX2zWMXotdF034UYY,0KG7XrgM20KEmJrKsyFDAm
3cgql1fqxswMfgrCfmsgcg,5Cv9UBYh2VkiCspwh4Wog5
6jR7uovSlToKvLXjTrPZSV,6Q7fxyIXgrbk1bIySqbaij
65zGY28EksYtD2T0AKJ3x3,0uM8KRrJRcd2W70an8s6bQ
6q1aSmOcCXkVBYjRZG8QMg,3bZv9qgFQRoQiqjlgZhVqj
4a0p1M12f7VaZWdoNSdEK4,3mJniN9tHOtKru4vhsuiHu
3HIZsT3fYp8Vf2lZNVkgaw,7IQDEmE7TaADP1EmlPxv3T
4MZRbUfg0nf6WiQ1PAgBzx,36XjcDG3eQ22d6ksPpUsg4
6NPb3Bb77dtZhnypL0W0fv,6jNM6fKx3WnyHbWBI9hs2r
63bTrVZUP6nrisVDZbkzSc,4iZ3YEN89TU8Uwan4NwkB8
1jqswOXgJtHe1SEK5uzJNT,6rGm2OK3ogF6aja5TvxXNJ
5vuZbngApgJzgLHrRtxwnr,6Zurnwmg3k8qmOhRJoU3qc
0he7A0Nje0BwPxyf69KZDE,3genr9NTp4WKeR3xEO0zdY
6uzj9XRlh7x6bYOkkLMcd0,0VsPwEFUMG3wYjAKtbddxq
2S5Pr4KC4o42Vo9EDoZnIS,2ntDcAqijGPcZP5dHAn2lq
0FsnmMsjjOXDjkW4rmRz9v,5FyYJUMI9TFmSE8HCeEN7K
0ZzhNtRH940sEtqy8av8Ey,6NGuHT0fPzXYwmTWfReoBc
0aQ1y46YcQO3DftKoGwaSl,3iFQihX0Wz6k8fuvAt3y8m
110HTF5Y9YMhIPj9pmCUqe,3gfNpIwauhswUG1WB9tfHa
4hK4rWnwn5t3obyoH1aDGE,5ZxbgXHQLUliIaxynRqpT3
7aXhkm6cIlQQiBcbG7nkeY,3eFEist2lbOyzm1uN10BgH
4jFNwQCNyZr2h5V3ADFB5k,5sHRI1e6d2LG57DzbEIOJ9
2KcSuDjU45615EYFEm58y9,6kHUE4lPOkrTknRuF06Lj2
54r3YooXMZQv6CpqI8LmIj,4RhaP4R0JBamLT4f9T7YRy
5sp3RwzQxf71prKHvApwed,09LUvSRtENRh7mU0Da5YJD
34Cg9jn48YIqERffijYsuv,7HTR15fiErER8pY1MDXxKD
0oZFWbuRWDRFKltAGhnXM9,55ginB7Tznmp94sewFFwU2
4MRVaL5V3pxduQDUgGPnvX,7AhWpTFeUYradxhpGQb0ZD
4mP5lxtou8YSYInoorzYPX,0Loqm4KBZL3tGT5t02eL8s
09r80N3E7F56LTLlhshMuv,4sa6n96yCxtBpgc9RGty8p
6LickcdczSXOBiFm5EvbXO,4GFG0ylw2ysfFzksC4q41U
43ZET9DNs3Zd9D5I4tfLSf,1oOx8C8oGyST38CNVCcCoH
2C36AlQcp0tKTHjOOqWBnt,7o88XgSIYIigXF8T9WTeuD
2efIWRNjF4cgnCqww7lXMZ,7ex02kOy7BnYkN4ESU48aE
5cpDwU3fESTpol8TAZPEAG,7tuzEPjFMBHJsWua62lRUZ
1dKjPKJbzuvEw8gwtpUhAW,5EYb06TtVrYQzLhnP3Sb1v
3Od7RzHKYjR9VnOmd5bpzQ,3WUm4uikTT0NqtYPhqUdMt
70sQocuewN9V7oX6pv2vjk,5L6Eb8tjNrSOk0sAV2u9zx
3wQCfTuzbatoJmtqHwKcYl,0QBa3DNY9klM3bQ0XUF9iE
2LhaJz3QqeBKlqbHjc2Hye,1kOnF9zoqp34KlArR3bDlD
0QOi08F2SPc3GznHjwUWLr,0U7sbXtHiRvvJPIv3xvDpt
5Lck2ZC0SG9iQa5alKBX8z,0XHtUAXZMBkxqLo6QCNue4
2RI7HiGpKIYPXNX4ZeVttd,15DtZauGqBFmNz2KU3FoIZ
0EZHyVKxNr8mzKISGcd5Hr,1HYZiGTCTqob4YwhFUU4Qq
7vVtwE8RQCP9K5n5Yy37YC,5CbzOUi8hm8UTQoG6kYmtp
2posFVFkBmiEIfcAI6w7Bi,0XMZTkl2quJuYmtQE6bjgo
4DgdEY22lRg9VAWIOPAuSv,6YLndgTb649e7CPBZc3tAR
3c1Ei4TpuSpYBEd3ZlOI2P,35Ws4w9JOAoEYvZAZ9ZKws
54qqAJLHnlkLkALdnlkwOT,6uNH8DLUZMGTkaCKGty1uI
4kGfvFCpLGS3VAhJFC0eId,2QYhwYTCI1Ou6jFtFghw65
2Nz3ZbGzxbDtmMvKisFhsP,7nBGQztjNoz1nJ8WrSyOSK
09roJtL9P1tbj27YITjWpf,3IhK4hvt7V9mVsZ3seZZPP
7DEf7dfPicZkAP4IoYeTgD,1rp9mdAneUdCyGA6FzMIcY
7p5JFK5SPzgGJyGyMpYqEp,1AkMMTKiSW1hiDRQpjy0at
64DQeGrg0CsEnqKfPd7CDO,3v8iEfAUgGSMAP7H8P14MC
36IQFazNhTRKRYGttBeXnO,5uNtiOcD9jGN1RfPbJVK1o
2n6VPQ0pZXzcmyehvuyjnr,7ow5XSQ3umNsKct9Bn20W8
4Ja968ermx4ErjrtGfQaAQ,1h0tczyE7N42Ze6NzY1cTH
3tLbeH9H18D5FtPs0EXsBV,7wkufA8bNAkRkEA4xb46QI
1VO0UZdtY2nPzF47zYzcmU,0eRaC5PKJ4BEYI1L1m6Tfg
4ffH2BVHtKgRBvpNdoKs9j,4kdnXIncjnnhHGUiha3JSr
73l9YbTZaEH5COWfGdhKVD,1dzZzFwlUlQ5qgSBBLVG7d
3EzFc1lAd7LyYPXEgvGtoq,7cTKOra5TBciQzMoMoGbJL
4Kka250AUtEvx1XUuoNHfZ,5Ir9mqfAUnXkSkXHF1yvM0
7ea0ORUmANmJFYAjfiffjG,7elX5HalbHX0ce1dql4ckd
7ey50e1s482RfGNXqldS4W,2T8Yxn4uXQoeBivDQNYCel
4zZFSBVC7n710yEZF8wSKC,2Nr1OlByx2LNSbvEHjJogX
5FNFydCqG90AKD0dtDVKMp,3An28oQd8zBGCNVY8eEI4G
6JK0ooMtZxPQakH2bJJ5Yj,2RxDAFchouApF3yUwE6gxE
3KY9oIQZYFg1w2h2DQFmpz,29BxlGM9JipwPQyF2UaqTZ
0KNvapEJhrDWK9mj5jxyiR,7reUJYGI0BIhdzjgJKZ9S0
6QXpPfIA8gw4xbZp7x0Q3L,6MgPIxZcCqXEEBDRhNV1OV
4l96ykvJ6wobEk9uyCDg5a,4vEHTE0TocuaKZqiSq0UIS
3LQPrvAxzGyRZc0ZwutlRe,2nbmXP1GTWZO5KvhVV8hZv
4vSBjAlAcMBeFF6dz2pohW,4AyQ1Z1RTlBfoSN0EaYUmS
259C7qYnvez0zwscm3aqT8,2CZ7upN3ms15YcWxQ8A9AD
0HeaUzmYL0j74jUQC4wbM7,64k1xWvna57aiaP5b2N75P
3hDxId2r5l69BL4UxpbMGy,5fUNa9qkj0BaHMrkwGA9m2
5TyeKmuhrTwCSpi89O3SXa,7psjw1zw09gEOIRnBGOSrd
0xDZyaLgdaPLrXyDt9e0rw,1LBZIXZeR4dcIlhbV0tCdF
1ZUfDvXGzk8AQCrZl1g5Dv,7z55tKywweedHMeajSc7ZD
0zFpakvrJUWmUwvomU5tZ8,7BipMcbacltieyONug8jZK
4E4lzRk1xMYr9RoMSeUBKc,2OMyhMrqYZyAdUJvEaxuJY
2Rvu0U87UkAIV2npJGNfNy,2eNHV5sPdEVIlZn71pYCZN
6kyWzmh3ok2o9LD3oNLDEB,2NhqDNuRK5mJiakCBW9WQy
0D2ddyR8VLYR0XfF6ZGpW7,2Tpzas0RtHaKhtv5vk95Rl
2nyrh5GVISal0Cs7qlhjJK,3Puysfk43JmadzSjEZbHmH
7hjLLGjxfzd3w7QIpBuqOh,6DAZ2QGiiPwxlMGbQRm7X3
76Z21ABqW2SBQ38GX8S6iN,3PODxMrYIfs5r7a4eC0C18
0Xks5v0dve8Gh2tRHIekjo,6Sy9BUbgFse0n0LPA5lwy5
4PdIH020EAwcbah7q92WsG,0V3ssu48VOqr1WwkPOD4Yt
3WovaBtM4UgRYC0E9VEonc,2IHhMhjTmQ1EHK3ehdUw9v
2KWCAYJjuurP1vYAEUEhoc,1R6U0eciqEzu6IBeQ5RvTd
4MDFDohTmJMuuZzgVp8SnY,2ZPiyBKaaV2UNmA4JIMW6O
13GKv2udM85lfUYibvdsmn,09DwV85e3ztyPXgTbaSFrO
13mTeekdFVY2qteGN2Fncn,4XBnLcILlsnwkDCNtgyn8J
0YAEapH4tmqGVG1nBvFvO5,48DpJpUYZXKUmx8ufysLEd
73tXj1Kd92Cyo0OK7LSVzc,5zdJalCyPHkY0teu07h5VO
5kfo0ehi55xmbn3Kfkzr7F,5fLW1pNyaS3aNIayupvaAT
3MvBk3VszbeD5jWv4Ms36F,7xq5DGRio1Xd5JjScvjmuP
1T2bclMoUC1l1LHXdDasoJ,14UcRYFMjwUNjdCs2LcV6u
412rf321htD1JU8fSOX7Yn,6Qn6307T8qdVdcvIqCDirH
4d1zqT0iOuJUG5ZLDGRvJN,58J7fIZAgLrCwqpucV2JKG
1145Am4PBA5pQyQqFNCVSs,4NhNVoOikaWDLImYyJyJvF
3YdNJNY6KIaBGlOUatxSik,73I53JveD68PKFv5rpWLAX
3ozbJ3UJy7n4rgD8yAMNmz,4ElhB6q5C4ugz6owedGbQZ
758tdiRFI39XEgaKrjJWyU,4fnzEbkX0mfJaSKcbYNNp5
5VXt9OxxjlEHdagqYZx0vv,6An4uJNCyv2ahm4H1OPJgW
7Klv2yjgo0LAdFHhFnnA63,1yjSFXKGx3HHX13VMDKPE9
4lMbXMhDuvCdTXgbtDjM0p,6aligHRM7IT8phROxoItOt
4wJmh4uUgDAAAyFdRMIE7K,22fEl4nzfgTqKi7ZYNXW3c
5bVV1bE8USGjBrodnhPXPD,56WWkoAwZ5teBc0JSiRW9m
6AwKcT6k1YlIDkEBA3KDKM,65POCexjbdPA7mbSKxL0vd
0neYLlNzlYmWvjt3oXN2gr,33L43opJa6Ig7dld20VpXh
2wedHUBjHXpdIHWHwMoIUs,6iCFfRKPYsxyz4HsW9ALb2
0mjyse8dJCQ2LQv3jgCQ81,6RHeDXUv3GhGbKrTpIjdlT
2BDZ5SW9TDpNWQdHxU8JyA,6S1kwy9Qy9oxm8Jnrv6nDp
0rg7gqS7DgF7IjxWJL2Iez,7l97mw88n81hSMCr9kxQRk
1PYfKwMAzbWyazMYNAM2PO,4X3AXwVQ2QIxR6CyUFw714
0waH83BnSLz1p6XCXv7G5o,77oxBCzuPsDL4xk5dqHfo1
0l630PV5noyaRzdAzDwPNi,3W8w0ESvTpiFZhObATPFfb
4ubA1gAW8tRhQdKOmrq2rV,6uG9EfDy0o2WqsDaWFKP6N
51VRG6BjxHM2nZ9a7qEbPD,0cUnwXhdasx3K1zj69wtYP
6cViqfXLHpUOJnVkoRFj1z,4F1pLGrbzljUsssmXukSXc
7kS1LJLy1OVoN55nU7Kmee,4OC4kdWCLRDiRMrvRfwHRU
0lx1nEKtmewwkvPeU55ZBo,1eTnmCYSrbdQDtqPuVN8PU
7Ef3gUl5yUyD67ueNPcX0d,6CVtGVcppYFy7AYc7bC3ti
07XCCYhZqX00YPrCZ7BN0g,07SAvqdn1x9VxUCVrVsyTC
4BZMQm2r4EB5rbRL9i2nLp,72cQXgoxWZqqdstvqOZ34D
1uOeNRXiTppIR7evFEXOG1,2wEYL1LBtNZX74DgyjKwho
5sxc0HOXpu6uj6gbKCpQ9z,0OjI45g4fuPLJDjXtlGfKu
4nscuNxHLzUeTXtFlnlwsj,0TvAndzIu0AVw81xOvdiFK
1quBRyYGiTqPzNKVMjITNo,0cEnwDWj9yrr1Pkgfnwtwp
1ahkJyO4CfYhM4wJHW7jDx,3Vmje0eCr8geaAg2lGcJnv
3LqC63xZhC8JlUSR9YXtPO,35svUaGEz7GrhLysMn1EXp
6oNCVqvuIAfLLOaMuNx0Bb,0olBbTv5J3wJbsOMsYik6o
7gOOpmp6sq6HxO9QlU896R,7uuwrNbz5pEbuPmbkKMPIq
5VTVh4go2XD4LiGnO3dBMH,7gNiclnIkXz6NTpZ53wyy6
0kz4KoVsh7h2Bv5kNxpb2N,1FPOPcFGRmehLTaFhm6pA9
0VLutz9Sahs04qK8jB0oSF,2r8AA2QF5kb9O9nn2LdCNd
2KCcv9fJh7rxggPkntz3k1,2hoiqOCWSahPNS71Nz433s
7GIC5AFfS8sczhzwiMmKX6,6DjTYK5RFXQ3RGQqq2dm1X
59BxA6QWaQALoOZLZY9HFT,0e1LUdpaCCIYHYfEnjeXLG
4sCvGNfQk9AQdRapAFVn2D,0S3uleTytPuxzuWF0zBeuL
3XiKTneMbAW8iumjJZCPtf,2TcpmjKnnBvD9IpUgTPjGD
7nU9IUVuv85NybgCuMameb,7aoherhsj1kQQWbdnZtfAj
2U8T8079RsHVvuBrQizSjg,6K46MjU0fsKlwLT9lAiqmp
3To6FN9UNggXEB6Go7FzgQ,6ry0z6yotxEiqsxoKHpYBO
7mctSApM9YZHIA5wIY8R4s,0geU6xmEUcLBxOXSc2yntJ
4sq7FRGJFeDx1XXJul43br,0YRDA2Q6YbsjEQmNqHOnDK
1a0g4P7lv4e9Mw9IjNxNLf,3cACZcO6mnvtiHmUn2M6h0
53yZEK6S3jkxLmOkhkFAeA,7v4CkKgv07ZztFpeZDcro3
62r2ZKMP2Up74Q72b15EfF,2ilD0av1IlBvcxtQfMIgvB
5fSSRZEOdBrTwzGhyuWz81,2kxCwxxJ44zd6yd8ha4tVs
07j6YtrXD5ZnDJxoDEwH21,04F3ezdihPP6qeEOWI4ehJ
5Vf1kUDcZfo4mSMMHp4x6p,6D5r6DZWu3cpjBW54wlMNJ
5nxdUiIGvFPiiKjRFizxlv,2THuPK6bfhZt3CtdGHGkpQ
3tQ3wZUsyGUTucapxM5KEY,34w9XKoZ3eySSG7825Oo7Z
43HUrzHeDaWodUIRbo6iMz,7anAAemUCgDOrVJm6LK0eM
1CamBc4W4nARBKJyTUwTL3,1nwVlQsCZyXZsWr2UwHAnq
6itx8gquMhBJq50QpGl79k,3ovUfMsmtgWQuNpUs6tmu0
1qyFHzWiDsy9t6z1q0tdm3,6Ucm9hdobZBK6Atu5eKASu
2L4HXSOVYjai0gvE4mRwGj,6h9kL3ziqBmx43g2gwSNa8
4HjmutZbtDRvZxG2DEtHmI,2H2379xRxgQVvcOSoL8Ajr
5jNDWA19BJbE24x1UUJGRY,1TfqLAPs4K3s2rJMoCokcS
5AMshCv0RIe2aO4XaQWhp4,1ChulFMnwxoD74Me8eX2TU
1puplOrvmUGoq2VxsB0ENJ,5rwltqXrIniDtZIx4J6u50
1puplOrvmUGoq2VxsB0ENJ,0kwuKfWntoGh0EWyYb7Mpf
2ANVost0y2y52ema1E9xAZ,2LlQb7Uoj1kKyGhlkBf9aC
3KFWViJ1wIHAdOVLFTVzjD,0cGG2EouYCEEC3xfa0tDFV
3TaGSuVqPFbNJSo7h4bxB6,569uHYIB0X324FZOBEhvit
1puplOrvmUGoq2VxsB0ENJ,68gzf3AleOyt4NlKwpV0MY
4gHKBgy4cnSq5dS8qmxlkO,6UGKKxOoUYoq9gL9J49d4p
5Vf1kUDcZfo4mSMMHp4x6p,5nFeu2yU58CZN9XKsASMLW
4jwAoi37xXT9hPklfS4HpC,675jvBxUfDbDpCJl48QURb
2eb2OSpqK7OvB0gtmcTesL,0oL588fpz8H0X71A0D6weK
330NdwM1oIvijw4Ty67abT,1KTbCOql4tYlNNZKJJvgg6
2Zgan56SVIfs5spqVImR19,1aMx7DSnmskWd55cIYcca5
1tKb7zXWwDJgueFwfCrLiY,1IFUnj1BNSdt6QCp7w5wNa
3cG5HCaUEr34SiXvzt1xOF,3zCjSYq7VmPQ735DEOFrkF
1wH5XiC1pl8h0iVA5fQXUD,54gdN2OhZlNJYidZoxRlu2
2rbPDulqVKRtftHXrRs4zX,26e4S39lwOzINLESvYWuoe
5NYtphu1efZRCLRg0BAH4G,1KGZSBpMLZrsSv2rYxlxAG
0OGdr4X0J0ywQE5jr1khlm,5MghBTWUogtorQqmKBwaBn
5aVCVrzIaN0e0AeTsZM7Lc,234sRpXQiHc5LKNKAqc2Pq
4v5hG2SN5nYh8zF3MMPu4B,3Rop0Bate9ls7qTXsxkMAc
4wgwLvdW7EzDgCEYc8hGDq,0XTckYxLixzJgEEh2L8HGl
6qqQdMkS1IADQkHaqxnpGO,0VX6fbtKOQvRc2oH8mXDYe
0qDkLvYc2umsgEkILBtNxK,6iNTomNoaPOQwdpzIr13Nq
3X7qUaD91L3FDM8fOLwCsj,3QQwmnRkMpZHb1IEpOLLx1
5Mj8T1RBg0RIrUm6nXroUU,4BvonyRPSnFfnElmEBbJ6f
61UaqkZC7cj48imVudUhlN,728jwEfBJVrR9aYpuhwdvb
1KUWYlFpXASnla20utb3sT,1xSGLxethOHtOO6LKfMXpN
3cxfg2ANR8oTlgaKV08B5S,4kDFW5Rr0Nwecavi2RfrIW
1CMYsf9DMutfN1qaba23CH,5V1yCn5qOkFSZ63j7rDmiD
3j3cdV8ddZcNGNTbjN2L7G,6kPGAX07WiTUcsfZlMzj4q
7dYr1ps1bX959ga8c26WpV,2d1c128tDoR34GOL7WLd96
6odHGyY6WEWhFVHPr8L6tz,0cMLEVMJQsoJyKxxUdBPsy
6EbpbxMyd4PGHyn908dpYm,6C61U71A59yQ3qPfRmbvup
3pLrFMQVegE5ARPaOzyLbX,6CmQVDJeqMLpQErymZHP7F
7cVFzTvdQV1EaAOP3Folue,1dD0OicB4mLYHYPWR485Zj
1hT2ZxBTiS8qovIDGwSTbZ,1DGWCEhFyiWvwtEemBSxz7
0yKJKdyMdPbONUH2kB0SII,29wza8EKqHTt2LZcCCSTjK
43HUrzHeDaWodUIRbo6iMz,3DE7qkzvCIJsUrrCkunziw
7g0uWDHesKV8s9JvFHRLIS,5QQSZ36V2Jsh6jgnc2Bysn
1FHYwuJEkGGD1b2IDChOwW,3YJpfU4c5hxmIrBFCh6TcG
4pczezUlRRikJ39YRt1SHu,1nR5Jw4jq8XLJPhY1iLVh9
5V9CrS6cMNoXkbRMQHHWl1,1HmzfgI6eBEbMI3wSjcqin
7wqNNsDtPmq8FMkzZC2JDv,4Fu6j3ah9Tt0WjaxAl6MmH
1XwFDHCqZQ7WKKXhWpCIYM,5ldyasDvDCMAIM5j4XI7Oh
1ZWXmYpIsxkUwI5AvQQ2g0,0deOnJSYQndVUrIjc1C8JW
54IH3dcJ9FOViNt0D6ukxl,27yuqgKsaGOhB6ptBjS4zR
00mRc3BrOErmJlV5DMyr4r,7cdJmTaMTFERrMZhQGUnLW
299VsyBitKMV8KL1BNMCTg,3qJjesE755cmOz5w4LBhYc
4IULTkOjkOE1tAZHuLVqOn,5bukDgowMSuWxKrHNcP7kt
3bRWl2nkaQ1TTi4LUoBfQ9,640gd54qVbuzNRpJBLrU0L
1XwFDHCqZQ7WKKXhWpCIYM,24cdQrBiDTDjV93Ks27E4P
7hMZlhA5J4w7qYIJEnk0Rt,0x527s7xt2Zo3gF6WIBs13
4dsVL2eoI9JS3u6f1BNtkD,6wyN0y3Jjh6fJktI1UrtDL
16D65S8ZDTDRAdhQBt1VXv,2cST0o327zyHqjU1EVRbXn
3Vt932m2afOjaIuExVHjoG,7yh1MFxhKsv7tq9nNAJUop
3uZxMlxZVZpomx2mCdo83G,63NmVb9NJqaR6T4XELPi2H
1cHBgecllmQJsX8Blcq9AJ,3cIpC4hG5aDKlETzq7cGAI
1wuAy5wfMQQ64QH9Xoz6QC,44zyuAzAjgSw5retQHRG3H
2Ds5FVK544zaLX302CnEV4,7oKa0C9hmNmgNdI4n9eJqI
3lp7YlyuxALbn3Gah2Y5C1,1fgLRvaknEtYLxcP8KvIuG
0FMijiabRQiFv8xtJo4h1w,4SwBqjxGh9k1wzWKeLNo96
6yfCLTc2NsdQQUwx9Fmgwl,0Bw6Bh4bJlRkZBXgNRO6ud
6S8TPngb5Am81IUjxBHF1O,6lvRFo5x2kOqUgWLosPcxY
1Zlp3yd7VNxiQ8OTU4lvr8,7fEzjUHGqwgbEGH9LHlY3J
69RPZXcg3PGWRsWWiP4Mds,1zu8sQCLjW5jtzf7JVpGop
2ImjAATcpj7FOT4f3XTxlp,5cGBQ9W3XtRuRQFgDklDrI
3aiCs9PSwIqmWOnIAszs7q,0KOBZFCn42V68yRWyxq0M1
40N1MfHCHEylZzh1QjdLZP,3rSIza2lrNzJipvtxekUoe
4ylJ7KapUv25d9ua4TTajo,1IVraqOsiR1O2ZUuZM27qp
08B3nsOQBoPcrmfeCL7OYO,6QDMmbJSCio8DGYbphIa5t
3UvEodAKd7Q548mM1dQVeo,7qVx4qREyn1kUw8ry0K3ik
1ZUfDvXGzk8AQCrZl1g5Dv,5GiM1m00X51F9MpREgqy23
1ZYQ1N2reFyJnfoD7MTDxJ,4IFfEJ6PD21fZkWT17y9hO
7xefkPwRXkFsyKxRK8S0ny,7ntsbN0oEmbT4HPVgRz98r
7wMliykGplZVT7qW8Y1kWZ,76gaPKwmG1wgaji8ijSg5M
0Z8d9h2NNq2JdR8VhsoVSH,2kxpi9aLpdc7sm6E5jbt25
0yfY6LoKiil9cJXSsGekU4,2FiiP57BfhLGV8Hsej6Zkz
4xPwXjF06kl3q8LJ3Oc8hB,1bxRhny4DaTgTe4ReIRTvn
3g5iPkooVkFQTYPwRa1iyy,6Pf51Bk7UPHmmtOflHK82T
0aT4VQq7WsguXZQkMAfYbw,7D28YAEWhU3NKyeAuAOrrd
6tr00Va8JSO0el1JOfnzwz,5JscIPDqL45xpbcgC60Gmk
5KJXdEbfRkT3j1RZww6t6O,3BSwjLUZuq9Z7ZsdDTq6vj
38F41ex9t9P0Lzdkc98l2h,5bhJf4Uh8ykO35YPP1EgYC
6HM2HWm4h2WymgqHEtDNgU,2lRvisx71Qh4dI3nhHN7gf
4adXhW7PYunYME8KVaWpvF,7zBK6vEZWveXALte3WH0oF
108iRsG1H4IjJfK9mSsGXe,10l7qrdUGZ0NoCMl84M6P2
1Lssaw5dvG8riE4Uiyuv6U,6cVlxUZCdNqNQsgH0T2aqh
786kzW7jBDfCZogIeHYLpt,42qyBa2ID6T0tDiwyHcSuR
4gozxbu9QuB6AAMW4CMv43,6i5KdoiRrN290bPq6IQkIa
3bnby6AGxQQI4sB3OMG8Cm,53WbxW9zHSHeCdLMckscs4
30B7VfvFmKbtbsuyQNakCG,1FIB7iQwI66dyFapttqgCC
4UnaLZo7HpgSX8MoZpOSYZ,4NpbvvJopO5C2nNa0YMrjq
0EaQJjphfWAjMnn1ze7PNC,6gNIuPwnBLc6nreEwpIShc
7tB5wm1HKjYHc64VdXSqZo,7pRaDNWbO6dvAuzZqzu4J3
3NFdoVEJdW8EBFJPLZYYky,3ZvTN2Wsuibu2CmwBi4Tje
4lCFkQUgP7I2Wpl5tEP7fq,2ONPus6HrSvaMODodxhMtm
1vwx006ODaT64oGtPXQvB2,15YdSoGDCyN7y0IIcYdlWr
2RDIJrE5YUx529SpuFGqnF,11d3X5BNtAVUXOKcaMCCZL
10oWBZ8ie0MV2s33Gb1tKj,71x8QEa2YqxtMDlhcqpxtT
6IZ1bmzfvogkJF3iFGXzNl,1lNzRU53Rm0EnIgHaQbTAh
1X4YAYyQSqcYoSMSH9vykB,7eSTBC07IgdpNNlWWE33Ib
5FrmQx1bPmOvco96d8gE3h,6MW1C0G1g1LYvAexan6lpR
6wcSlq3KCH9EG3M9RXYAFF,3HMenrkdnqKgnMuiPxuIzw
2gvZvCqYpEEhFJ22SlBFTo,7pWLqM4gqXzUfxdk87TuX4
6dE4DeDVfW54pj0KNj6DzY,4UPCyA74KAwwG5rQzwzAvH
6YBJO2dpkSa1uRMBGBdUpg,2ZaqvXfhxE7jeDfoGgpZNT
5PGKg1wqLHbW0jWZHTdXTe,1152qBBmbWwDyC1ffE8zZy
47LZUQMxUS736gJSJYl3Oj,69Va1kxcuI2i7rm3hmYLBL
7Dt5XJMCSg3hPICh3yjvA5,1bcsIhfIuOTSLb7lFzPEwv
2qe8Xkm0zesMie1YnIshzD,0sTov9ww1527jTeEVMqnkH
6l49cyOaJMGqRn9fCUKF5j,1KZuNEPDIVF8aQGDZ2Eidi
3dHbsS2fnpRRtjBBlq21fv,4DYmjX5Np3IQjFFaYxqMR7
6L5Dsyp0OqOz5NDj3z0seu,3j3xnrehkY7CQKdnUxMztM
2vKlF2ITxgnluhrxOkCkzJ,31xfBrSXp1KhmVnSj34Joh
4Yuj3K6qN0DpxtPjsIQDPB,0aYwVVy4iBa5oP3yn1P4EF
5C7lWIcPOxxiOXMxKH5smm,3QdMuOXzMuOX8yHgeySZco
6F0bVZALb8chw8VZwCXtG2,5u3ztMViQw0OxNBaeoRIC0
6wCnIDSFu2IlfLWu5B0L0u,4aWzNzb2VXhqQw491l9yB1
3reUcJzdQGDcNeacWwVAsh,7kiej8IXkUxp7zLPT6jxst
6EpWBs9bEvBQzYNTeOj9hv,7u2G8pVzwycdTmwURLoGhq
6AbifZ44NvfaTqIRG8pu22,6zVDrM96bENmZePYH4TWiT
1KQYm1qurCUD93HVJGhRnE,5CDQuuVS8P1PP4AC4tN3qT
4vzJV6yiydZetP0mTEc2Vs,3tJXoEDew352sKJG8m7Ft7
5QTksmrY36t4LgDGiKYd8s,7CSDv0ih53MMZ4R6nIScw3
20rvhIPFgz9zd3qrDLk4CZ,6UzKla28e4N04x3fd438yV
3b1VtKpItocujoumbsZsUt,2OX63j7WchEZ4HEVDbU9sL
19TmAaNj7vmByvqVTRW53p,2jyZsJBpvc3PsbgJpDwpvE
5VXt9OxxjlEHdagqYZx0vv,1R7hFlj1tkjxJ6398KfiwL
0lxBJidmcz6Uka9BjkDq59,7sNtklneokNnqwsMrygAVE
2aJE1EikJGFwNq0NdGHcZP,5zuex7tbGFz0gSHlrMvQdu
2rKFwukn5KVvuSGcerCHgy,6ny2FhQ1yEmQ8bTvMTQ8Ld
5DLGmdDcettb6PPnfu11ch,1QgbpXgP9AGnEwTHtA51Al
1p9FRIwAUJoHhNE4czBNYS,5FDjWMbwqDyWJzNBwHkAiw
3SYUZxNBcktJzhWlDHUCcU,7vQP0yjr0b7PxTIGmQhGNB
7evuenwoczpZ1eWE6DQeBw,0HgxhNKiQy2LYxExwyZMWI
0rD5qW3mCJfQ322oxULXgz,5DgHr3i1rkf3jpRiT4Fy26
4SSh8pXTJ9VnA4MifOoZJB,2wxcb81XSu6YfEmq0E80UI
3qOJ1HrRi2O4Ullfz7J0qB,55Vgo22aL1ecztIeYVcQpN
1gsUCum5KXwvOwmB4efj1n,57LdG8EEG0ed6dKU1ooTmK
2Q2xRL3LowIFDgm4fz97di,3MIS1fW4kNdfluFnNQl9OA
2eJ50z9GRFsXRNOypsb3iV,0YG4ikS7CFZkkkGb2dRzNA
2V1KLF65vcKCW0QBeWVZb3,5tn4eB8YQxCROyvwBkxvXQ
6JQJCQ7y0UIBtDLzNgqfoy,0megFGFoMy2ueMv48YHDGw
68aXFB8BRAzETQr2p7MomS,0mLaBQDzofAtU6MhUGfKUc
5w42DeUYoCaocV1PqDx7QF,6yW6KjdBVwpexa0xI26si0
7sHHwZj6EvvVECGKsWigmJ,7a1aNZ8lrLrIzVuzUvScuh
0ptESBaXmaLTE0qoikfWFF,6JjL51Dtl2qpAeRh3isEnQ
2wedHUBjHXpdIHWHwMoIUs,3wSMfzdCFeeOa36n8be9Ws
6ci9HNTNwHjgjhJUgX8oUg,5BappSLKf3DUWILpD2HKQO
5FNFydCqG90AKD0dtDVKMp,2g1hUo8ZLN38NVDnFP5l8t
6m5Cmex4PTNLeZ69kdrZW0,6wAGUcUt0kPqJjHx7LhhZR
3nyhi7aNShnlSaDH3dSfrh,4AlinpygYiHG55NrGZB7NB
4VS0rWa17Ungt5zYELSFzq,4rq4QIheTUzK7WeW5ZBnMj
07EnkdyO71kJhNV1eXris7,2fW6emtJTt7TbPBcvOEjIm
7wVZ7PQ4Wbf6jiCFTBeoBx,7tv52FbskBhr4tsyPzyVyK
4ok4RAjDT6Wo0oslnIlu3g,75BAcGeQzfLB7l20CkzSL1
7MGwWHkseaPHl7NIaw1Ii6,7j8qSR9M8z3uGBIO0DK1p1
36mbVE9qnexIrWrTUEdZkf,6DikhfnZ25mcnW7drDJJaf
6NMNseOxexrKawjoaWVS3m,5yonbvutoluiFCXS5H92bN
4kKEocuAmyQki9XstKxpWe,08I6Z7xAjqfqDZjWVDB3wN
1vdhPI0TpWpvEHJ2YF4KwR,6yYoIjmvbF6wSd6JWbUcWZ
4G4wpbBu0gsZQ75kUxJHkW,5gtnqo6ustcevImEhYYwAn
4xN7nRsbvNi8FHwAIYBvB1,7eFAq3kTzzmtOwrRxcpPh9
2QEybHNabXgF5gVtLTLObN,6Bmt5VqXXa9HjwQvFpusoS
49AeZ0j1kUgAIrICb54b2q,3aKvWrKpvoqAqGzBrGY66k
3IkHMqMGcwtW77G3xfzkfT,4Zje2dxhw9e7xUT30mb8r4
6RulqCr6KP6lV1r8ld6EZ0,69DytnGYpyeljU43w2RpqF
13mIWuzjioDqGdywPRlWlK,4HirINVudyeMrAZ6VLJNaN
51ILU8Ti8sqsvlYDDjSjrt,2kCNuAkRBvGNDgh2zH5RKg
5HSB5B6KQtSJM73UqReu0I,78QZUVEgPwfAFJNAgE69da
5iTRSShAjhuiWYMFV2e4ZM,6tNkxM6OIEew6O8453K36t
2Nz3ZbGzxbDtmMvKisFhsP,3I1ntdWHluMoFCI2JhtRSL
12QLQoJMTWUA69mgtUyluJ,1pG5BoPJlzLqRsbU5iBTBe
6zEwku2jzQqtH8FnolDyZi,764aj78vmTA8kMUMY0LVdR
5eR4ZiQmY7BoEin7mH2nnL,4h7SWG62i6yWhyPX208oLT
18foXroV7U1seguwAXuKNY,6UqBUW54oRY1yGfZQVRfsC
1YTS3nXEQvTSKnJK8ccN0C,2M2itA0spt6ZXit7l21WMJ
5UOpSqVUJdeUaSKUDjcMtG,7GL2SOvJXs8QVLX0cUADeq
5Xz2xqwZTtdgADo0dLN0sI,0BAEGfa7dHyw4lB7ttBQuT
4vj2Q9WC88lE3c8MRbGlvJ,2Cu4UJ2qZvOCFd8XTjjJgx
1d5fv5uUr1QjjkwHJdXcao,2eHOZfX7vxk7CRWQLeSLML
2JnPmocc7fbvQvF1CHP07O,5OJstti1yVNr5MFHbByrUn
6MI7FyPMek795Y3AxB9wK6,5kBwh01G8D81yCl1bNXMG7
2BAmB8JuWBfDneL7vIcCML,3zozsDfXqZMvLJGmlmNWKU
0vZ00SzqOGKvK64UeqnQtS,1xOPnRRw2SEe4q8B52fshT
16fOgzOnBnwqC1uHPiX8BU,6k3Lq40ppwfajiFqcbtZ8J
2XpV8cYnoIUtwV9ETJQAoB,4g25JCNoNiOdI6InnC9QaP
0Ok3UvgfT3qm67dmQmQnbc,1hoWPDZlAfYy7Un5JWHBlr
1f0WBfz2XZc1bknD99ab06,6oUL9hToOnpCg9m15jWXTF
7xX5p9m5FnSvlYdo8YMBVn,1eZpDQmnfBDuglqH0inn5Q
3FlHNERUzyv3d5dYXunU4y,0bj4psuEdY6YPTb4dMRogs
3atuIC9GmXVHnhcho8XuFV,1R2H3xQUn1oXaJB9rqYW0h
6U6b8aDNjEJm3UEysCGiZR,7gryquiUPB2wxzLkTJp8LU
4tEbLLSHSm96FBArZUjh5u,1oM0j3Y40EAYSjxByaF2bi
4ACcx9CYYB16a18URaIgbu,4wfDTyTss4m46JBv2oXHKl
7EKYXT614EhSh5jLDUdFAj,64vBCC1lpjEnF10CkDiDhv
6CTjQWx50yUs4wNu95cnlM,7jrMFjEq0t09f7m3HnnWXl
3eVVyHEF1waq5kbMFm9pdJ,5PkJ2ssBCzKHaztJVASw2b
6KPTfOQQ0JPzuqey5uksR7,3EKj57pZTbNfbIKryAl5Dw
1AFn827ZpGac5mVf7wPa6q,7Hrdx0AjXCVQX6qnQiJ7We
6hW5N53gZtSPJQWExInjp6,6VfNPL93TsZpmwpe2BJxNc
6mWSOP4xoZPRMrNEXHt3Fd,6NlCfMAf2BUR8rLpnyYb0p
3xhS4dVY0ActRZO8tE0cGh,7IybpxLp5E4Hs1jKbPNSKx
060SvgMzLKrNzpvVLK5gSo,0w7JPlp7eEQI2EKW3ayXrv
1aCIYDZTw34CIRq8Vr1VQv,7jURkEKDVEm9sHueqUX0ko
6dlPgHkvVUMkTBsovGFAxH,05IOuexttkZG6eQLFi3v40
2Du778LeiWgOLzVX8gFdH5,6gCXxz0Gy4PQ4uDXLTBhkf
5bCqtk4yXM7jJzM3fOqK1G,2Oz13asNMRrqP0oHH5Nq1l
3Fg2bjkd8gLAhJAV5w9800,41Tga6Vsk12dWD9GZEVtSK
7Ll6kSs703zrmm60mTvw7v,1bmvJkAA8Yz9bv6y3WOj3U
2m6SMffE4HsOXmcMYmFcRt,3cclk2k8OAcHhkcxfxTCOr
4BFScvoTmsWBFBPgVSADbZ,4TRIU5zQl9EwTi94K5E54R
3fvYXqKt1AGD8ILTJlvIkH,0x1KxLkN62BeqstQTeLCV5
0mmrV5nfgBoEFVrSBNCFLU,1iWaxxAN8mryBxC4ORf02n
6xwZ47vVctfcvzjmAGlwgY,5IHV2auKjplu0iYgqazjjG
2zX7m9IGagqs2IqjOgvLMx,4py97jkt3UjrYu73lPzvIS
0tdmeX1Dul9IyOVpVIy8Lt,1dgmyjd5qciNDLQcVd1aln
3xGoLXIEu4dwzy5um6ArVH,0Hv2WZINE15lpLUzOyJMst
0m6cqrmHGd2pgVIL2CVPZL,1yiLmcHovufRMfOgxqSsfI
0m6cqrmHGd2pgVIL2CVPZL,5QpKqIBqSBy5ji4GPJ1UIN
5A7FLvpkxnXxHWGXTDFfcT,5QeJCkBNHe6a8T5uusmqIv
4KnRi0l1s2ZrIu3AP2E1YB,0eWmv9e4hwEkYgJagsNRIu
0FzD5tmv0CZlpwatbtOS4W,0PPS9ONYw5jSolKgEI74E8
2oZfj7mpSyEyqQepnDKjyM,3N03qHCOZxaTayny0KjWPh
76WlRA8IoM6lYCzyEp9LRl,0k3znFeDe0kIfa40fEjG5E
2f18C7KuDFIXcDh95fZ248,5dsCGCTQRzlqfNKPQblNY1
0xo0yt0Jok5IKoPBhL0PwN,0MTt8dQeDrFDNjiroADfoy
0i922iELGzutQUeMAwvaWA,51NILp1raUBvijdQcMweOk
3mf7RqErUpH7QboAamCp9U,5bne1GHUg50J7OYTIwbCI8
26UE2du25wSMRVjjoV6uyE,6qAdvD8aFWwTMbllHsXS7m
4mSlUmGeIf8QArm7vWMFIu,3t7F5qiNlS0OfZZlDxYkiq
3Fc7CxOxoTCM2Ixyt7Vmer,1cS9tuyQ9K1yQApyJkuiMT
0cFJfTwmx4KOM9zEy9i2nB,5CBCtk5EZfdz7X1Eb6xK1u
6R2Tx4e5WKHkNvA8LNERrH,55ChhLgT3NeedU0h1zf9Tb
07reeQkGr9tpInczbAEoMK,1uKYwIpXYEB1xw4JnAPP8w
7thNV4OgQBZTAn81OcoUsQ,1Hi9I8Qwt1ADYYlzDge3Np
4l20F9SfmiVDTAMu5ppdDb,6ek8aevJf92FXXZVDiv7Rp
5RJrpqJkj2dW0mgLHOhvjA,6iRXf5Wbh9ZD1BYVIiMyI7
616y2eRoy5jUdUZIF1IP5Z,5sHDCNkDK9t7IRPMl0mUaC
6tYEPRkDR87ECX9KQRTn4B,4qTceiBUZPBUR3z2NFrZHj
5qZ99rPyIFpQQqYCOh4DYu,2HB9GQlSbMIcsm1Y2LWDQB
6E7O6gj3nYXgvxrsluqYm4,4uMpCx4J6QZVzfudhNX8pa
3zGJmrrwViWw9XbrtLAhsh,4hnEaVBfwgDPJTffnwf8sl
2MEI3zLg6N6vMsquQKNow0,08rrGfJWa9xR3J1baUEFWl
5AKkr0OZ6TW2ThtMqd5IiP,3z8MZq1U53L6VWxOem0j3F
6BrxPteXfLmqj2PkSXTfo6,2FFHTjJrODAhpfPKWDheGD
2uHWoIldNR7XatbFEXR7H2,2zdtYd6YlGHoi98jvwO5Kt
079MzVcLgVQ5LvYmbxCSGw,0WCVytA9DwrgMNBJMoPbkI
2LeGGDt1Nn31jdCThW1SKW,73Aj6vBOimEVHMMm67YmcU
6bIbXBJvayhVzwRiCYDgSx,6HWy1YDfSdPvJJ7DTDp8AP
4ipvRPuGyE1Y1XvG904i3t,10ZCvBygZ6Gq5J8dTGivlT
402Afn4QdZryfPGLKyi9yk,4j9A5bjTDUT0g8rICaC2oO
7LZAgsQQr0cm61SmUdgKlz,4DP7DimT3KRKbsvjfIrcoX
7FEHBoKa9jbbfJWiGHLHTA,0PHxJkFvSiRNUYU30iNAzz
3ULXB8LP4xjSHoC5Su2ZMW,2I5faAdg3IZbd6HEn6Blfz
5OK29KgdZk9CftvqJjzR6C,398P1VKJo9gJQFZpY3vt8T
4O0srbk6Mi0voI5XzM7Xk5,64FGeZR7NpGWd9YrolHzkQ
4fKiuT1hZJ1oFxEDuvt6lS,4A7m4aSqpZgXZ2ahtvyg3X
402Afn4QdZryfPGLKyi9yk,5wRxDBdwJdLuTTn5pnzjiM
37Tazx3nMYc8ajIdsFgW7G,6ScDqdxJQzPOLztBP8TEuC
6KDB5UDorGzuSFwZNkZDNW,0Yi1kEuM8fsJsj7EQg84GF
4hmIMgqyckhjLxtWAQKUKc,6gYzt06a3r5ACSRXeaGuxS
6qYPujrn7dm2FMG1ZDZZ5D,6n8wkmgsU4wCJdM2rky0yb
3vUbTHFU39OGMaJ3VGD98N,40up5wCfwQXTDXyE18hJbJ
3NGq4jAZprobTG7zRyxFht,5ImCVtO1gvcD1ttdG5SrQT
4FiW9zpRMV8oTuFLmnjomW,5KteBzvgHmFUGpjJ8iN3XY
4cT94nkW4R3q2uIS0unsYg,2B2vTMJ6vcsHAsbkcSWJRR
71zAjLq6pfN8gRmESEU8Y5,5fRI7dWkOSw6DNaPef9MVV
08MGy8aiFy1Omd1UKoPvKy,634IBwtWmFmJCwVnFG8gzG
3i5vmCzExsmYhQQxlYYOu3,5SvXG5RgHoIxSeXDSlB55G
3yQSxYbAj2jrwAx7W7MIAU,6txvQu0zUbiqG24A8XMLnK
4IOE9u8FATXnI0izlPcNnz,5urcnuYmmbRNropT2L5yNP
5AUEWexcAg5dZzBh7cKd3V,3Y3dppi1IcKKeuIWnqexeU
3SKYXY6hJtHczvnX9TQbBz,61b7m8jNskWINV4yZCaflc
2XkzhlQg2tnaHjVfOUeKH0,1Ff7Lewln7RXQ4EOdBzeg6
5nwk2ZMYxyl1Hi1QRosdel,2htNjdbqlaw12hRGLiBK4l
15HMKBmyqaDtInII1IuEbr,5Eo2aKJbdkUIZPyuZIqB3c
0kOgxDjSBsnHvYOzjDFscO,51ceBjdCooE6JqJOKOfN8K
3DPj8hW8hsvQed4859ZRQj,1fdGwpfX4w88T3bBrQu99s
6TUnvAYhgmJs2G8MuoQ3eb,6S8QooXikGI3RqJcarCcrY
3xu1FE2RSyqxQgUQYwfF8E,25Jo5t6If3McpUUM3iBQ6u
0r5wKWADNiYynAC1nayi7B,5be5cRx9ySIQze3Zxzwudo
50rgN4NAnnRqFzl7TTtnQv,3uGItoG8JdwHUAfUlKNUFY
6HXJjUKTpltXMGgVidh1bB,3jkoi3PYnfPGiaJsWnGgcX
0EHh9LHT5hwv7hN4JExC2s,3RdhU03Z9iO3lm7Nkl8pqe
3xWjUnEDKSEgQ3mAU0yjTF,6FMphYgkefCrVXG5Wd8Xep
29z6vZs7ZFT2Si31tSLpex,3Lj1a7VYi0ebLyPmmBluQe
4xMYNwdHlvJlpTdYSr2Ssv,36nxsQyHNjHegac3OU0Yrb
3SJnS1rKgzb1tgi7oCkf5F,68raS6F0ad2Iilql3yYeCt
3NSmmEp8a5Ib2fDzq8TAKD,2T9qBxfUBrtBtN0BlcmleJ
7etpucnkFPkpi89M5CCdu4,4lWGhzUW3dTPDMX9EII1Fc
1MSJ1FyBqRvkv8sKzgXz1s,17UlkMGWof2jK2rsgC0D01
3sRoI66SvmVe0fpi6d0Xol,5CVOeNkatHhW7Uc7M7zffK
50QKpfridaIORN2l2hfRFI,1YyOwwRXCi40ZpL72Ap1fJ
1XRZPHEJlYi71L7pfBzuu1,1I6mvZNDSXM6uPnZV0lcVd
7LZAgsQQr0cm61SmUdgKlz,4DAaQ5InUO23d8yNRbB0Yj
1WDhKOpkoS9nOvqtMdIPS2,7qvrvipugDAlOIBsarj5H7
1862qnxqsLeiNDblknjtiL,29yWkZYR3x5KviEWmoKcUk
4daBvAlkuah7xxlyIylWJK,1KTu92zFjElqc3h20XCwE3
2Ta7rYWkUT8XFBHtSxoIUY,0WmarLN66EHKbWX8ol1zN6
0hP7x8YEcyPDjN4LzuJbNm,4g1aIPqIAqcB6ZgU0F2ylv
41XITouifIPjSsnjiffIqL,5bIZnmBaCBs0DGretEq6O1
6opKASPALOkPwCfHvqIS9H,1Hk0QRlUFCHYG6zIvUh0Xd
6SJFvWHnjFWBRdEKxT3l7s,64c7VPaG2oVXyhfq57peBd
6wYjyYumvPIEzPYvujDP2m,5DcBpYrfswRbnXnXawqOrt
1rOch2rJkCzdRUdGql31Hv,4L0HMiE70JyFSfOsnoHGbj
5jLaAi1BOA0cC8305Hjroe,4A6rQPtRyDlbpHU6832nOe
6NuGZnOc88LcZpEkJIbO50,2sOj9vyd6yiss9W1IK6chU
5gOU7SYwgPAmw6tDUdsT9Q,5n9DJWUiwuKuPE9sCVbQ0n
5g3Yi15plTSMaq6tYiuw8p,1EjQRTG53jsinzk2xlVVJP
5AG8Dvo3N4y9ZlCjU06yXh,3VJ1IzPkqJYfYanHg9nrRr
0u53TCqRQnsqxcxyH8Et4L,4HkVpLmnWe06fRm5Y5D5n3
31mP7ReJw9fXfTc533TexZ,6VYUpXZesAGIKO4IPDnF21
2LlSP2HWefD6lMyNu7RxoB,5JeUMF3pjySxBmhtTLC0r3
2ec31yYBT3r9voztKRr0ov,5AMV02ipEOnPNyfEuIlpjX
01xv4kF5gPzZ9l7SgrSrE5,5fZ3sFURm6vOo5cwAFV1Y8
4JPQL10uf5GI9DOEBSQ5MW,3mhVauVCMu7CRRc3LWHk9U
5AG8Dvo3N4y9ZlCjU06yXh,0UEqdYaTjYYLuEr6fLneDl
1TNsJDyPnZZSNNUo7hWpUp,5BdlXS2ZXIGMyTAw8XRNNC
1Sp4gV9zgBnxDdZoYJpiPl,7qzzFtgZIhp66q3ZhMX7LC
2JuSxTDkjfnu7inullcgbl,2rXyWX7Ztld3URZnpdRkRG
2iDZb7TRPy7pLix5t1Xo3i,4dD97CPFP70m0ZjkJb9r3i
42Jnbm1nkBbJxqyUbWgZvT,2qj2t0UfPQjeQeCUb4kGiR
2hYmcjIinZoVCog5sP4k0H,4jZRzPVrP0IQ5QPs6DG7VZ
1TNsJDyPnZZSNNUo7hWpUp,0uRv1behjcNOWXZH6RYS1F
2iDZb7TRPy7pLix5t1Xo3i,228MRl8A6ZUHib5lf5iRiX
0Jx1Hy8YQ5ZzGwy8DLW8Hu,3BDAxgeGpUEUfKCbuXCyxn
1TNsJDyPnZZSNNUo7hWpUp,0AuNzQsY8oeG1oNo60cGFr
3ipaN2WLE8gnfJqWppgvxG,1gBjX7syR4kFyBInI0uMK8
0OOaNihlOZQG9NtJXMnp5A,2gB7z91xXvfxbQTZgDLQEz
7aoxgkYsJfy2IdudBGzKjJ,0Q8O9vyX1X6tajbwXIYiFX
0bp1s5OfS6Eg6yvCMTBohK,7sfQmV59SgMYfSvZCpxHDL
0hOK8dciK0MuFPOA9MvgMv,0STU4tz5QWwA46G8QkvtK1
4iz8sYwkboyS6T5yV4Ti5g,6cVgPQEvXfXaWoUjZW45PK
7KYHnOoQNGhH2Ms8MCAzde,4MzvjRtDgZsuusiQ05AtaX
32SFNhZoeh2Tax77hAqWzr,1KBPJUMJjKd95viVQGy5NK
0T8OYex7RRUmsUXg8VnBsY,2jitSZjngFT7T6jiJFYVJ3
58kXMOxq7tuK613bSeo5wh,5qgqURAALZUrstmR439oG1
1zgWC0O35csgdodI6H9lqy,40yuQwV3HSDro85AKZiJFm
1kzP8UBu61YPnodaW97uS5,6U0GYSiAsb9bYvuOzQJLoq
0ebTxbNe07spVPn7uxKOb1,3xhR3mClWXydDCByJxnOwY
1zEasMkKYtGp0R8y85qYWa,6i3BQkR4o8SkC1OcxR5UmV
2dEgn66LXufz76xWL53HSv,555svmuBIvcRVOlzviiIy4
5kI0Hmtke3s8Yx0j5R3b3r,0TaLEGNb6f3nL2VME9SxAR
4MRcN8PhMhBe84tcPLe2QJ,7BdBAeVMiVHbszGoN7WsAt
33l2A8UO9xbgoBt58PD1kZ,55F35ik2REktoIt3ME7OuG
6IpVEIC63tpOIGUBV5gz7k,5lu9R9rCwIv080hpqJ6rny
6tXJDrWCenq1PUDLi6eeQT,4yhslVvynysGhexambPGcy
4jEFulLJmErkVTpTJoq0iU,2f8bsBeF4Yk14cWPS9pZ3S
2yCROXhBTYB1Nk0zy9IlBu,0s3ZGs1YoFzXRPe4ivd13s
2AK4pMwZj1ZUMZhl8viqeZ,5lxXcFgjMrnZBrTLq74HzN
6WdRnN93Jp7AOFCvQyBXG2,2xB3zanFhnEnFSUByzeOeD
5GjjiASAzj2DR6gATmNv1W,70LtqQqPnJkp5xwfEuPZg0
4fLqJbbFWR7NVXezWKqJrP,5n9bqGdeyq4515sz4V6UUN
21QNoPIBH5jBc5NfVC5zDG,28MSP6Wg4olXXjtXPEjn3U
1xXnA4zCpiiGuNpOmB6xZX,0ByBQHgzPVLFYEr9Dyfaxa
35xtMEszrCRwGg9PsVC7mn,4mhr6roANZiE12SyoGPKxC
2IqpZIiBGMop8IAf50oPoU,2Cu9YkId5fklOCxZKSf9MD
2wYjOsK4vbF044HGtHVIH5,1EeZlgadhF16GEMRovNLjy
2VsCpDlVZLSAvZf0rNZyiw,3hlc6NjICYUQxbPL91V4T6
4M0BtPkQfmBqwsDtHwBV2X,6RPWLHrulSvhzxst9poLN3
2HDBCM1fDFZYuH0SVGMQmL,0zSyKNVHqvAmzTwEHItE92
2HPsmy1REVIz76Ow7cEGWg,1Ro7L7RPp5P8heOfW4EQKA
2MIZeAlxgLXVgonQyYwBb5,7FHFK1b7mjiPPENBwp9F1t
6WFETDZl5iAsbQNTjJl2n1,1wUy37Imd8D9udmBdQNeXj
1oyrymxXmhE2NaYczhS6NR,796T2ROxTNibXRjVhjSzCa
4QTx2kmdAMu29VYZponTp7,0LsmbSRu39mBwEw4cTMpYW
2DtFJsPFDFp8b8AebiZmIL,7N3FfUFMud1rjI6Vgw71mm
2CwxbRPETEraKmAKDNrEcs,4PyhlL1vrSvPlhYLdphszr
3y2gaWgrLuFCCoDdzMlzqq,5EbnMbqNSJeVCL8gjH0gAd
5IIMUc14C1vcZB0hMkSA3T,7k60waMcIWW5pYOWHErO8j
4tr6huX1QRgVJ8KEFsAKd7,6lklqnWd71tAxtcl0gpYai
5Q5TZTTdvn7njWWGNjlJdm,5LOKOBboMIbi4moxpjuFL5
45VgajZ8jVaPhwE3aOZPaq,38Ke0TTmH6PzUklnVtg5XH
28lpBShPdRMmQxT2kEAKMq,46ddej1ibGIgs58H0wakoK
6Hh2XrY2Yuse8omAzSabdp,4rNidGxbfF294K7RzRNIRo
6NNscwvET989OTUFVR6LgS,1ASJfzeG610yLJQjc3lERd
2LNOZyp2FX1ARZXc5gf3hB,64NGjHW1w5Kl42xEKdqi6o
65KwtzkJXw7oT819NFWmEP,5xYZXIgVAND5sWjN8G0hID
1aSU7tVnGuKquY8yKCw1jm,2vRI17zbIpXatNS3IS1ktx
4kGPUq98NXcQhvdJrqx48D,4FER9uaPmGBPvBwsWK73RC
1ID4yRgxYUutcLKzYDcln4,0gXmHoUSNYxXd5HIzIHxoX
3heaSwNvzyXG35gDh1EQ2m,7f2zGbGUnghatkHLiOSoRf
4iwZNWzlFLjg24KVdKqp3S,4ZPJ1FXNJkijHrQNrbNxWm
48kIAVZ1Kv9QzrwYnmBdTs,1aTywFB56SkYDWlDYrm94O
74AMhYqhFYYTSMOZMsHHgu,4x4vTOnpRoWTGPdvfmrDgO
0nHKigA43sDSCs38xf1tnB,2UOtnKZNppcZ5dC8v2FS41
22pdTHtCjzSCEe7jWGuuR1,4et8IPRZc7pY3tND8NjSGy
3w8nFeEqwsgAoUxodM0NTr,5rQ8WVEKsGEY0voH5s4lzw
3nEuERXXa5kPINJX1gOD5q,1hKyzTwkxCXnBrXCmQ2fiB
2Kwbn1H4KMGZAe4MS6uDzU,4Dg0FSovv3n8IBS9QMezTp
5OEUYpDcqOo7wIJsdqnh3X,30cjLreSF4Xq0uAB89i2Ac
7uZGulWnnHuNfRkzGZ2yEa,6fU447w4Xr4AHTB51mvXKs
40E7a1Ciq5R1fhQnLCtXrL,6gGvNSckrLcvV8RhoTFe4f
1MMU6NQ5sjeCW7IlVUzMkS,2XuNC96ccppCKShlyuVv8s
5BgYwykiqPeG8bHdl5WFlA,7nA4uczx7vIhEDoBCUBnT0
6Zx9gxKROUADvZQ3b8szey,6KRdXtpOtYGg01P4Aj9gLt
2vjVSqHvZQzkf4hQgNyJPz,76WhJ1Qvxrs0RiNbK3pdq4
7pF1j9CKPRpcecJZrzzhmc,5IKaBEdCQlfB6aikIFKuR8
0AP6Nm2AoPHjgANv54cgcm,6J4CMV2LiTaFPCEpwZdGk1
4l7hCmTdnAnZ38xVos3UmX,6eiEPJ16dOxe0hME3NWxfP
5YOqCXhsyBlRhDVoKY1GWI,4Thv0GimduAZXpKmT2nINT
6iXzARQs7wdSYzhYJWvJKc,3XWDLEmXZccXCb4XcxJEnG
7mw1y8suCTYe0J3k2FbWY7,3Id3L39kmlEZCgSrfOtKwQ
6orvX1pLBGiiHQiSc1eEr8,3On0xk67ckVLs1qEpTF8mY
3oTfO9OJOKCKEzDSVhUMml,2GXOmuU3kApsq2TWqOU5Bm
4MvNtmOxtodKjp7FsVmscN,50JXRlI4j4Fkh6PT9vUYsn
2ddicfthS1XeBDkhDqnWI3,5EpR6BqAnwR9PPl6sIrzGy
7jrQbFx0ttru2gtSZ4lhuX,3bYLRndI3qoLQqgPalT8CY
3U2Ka6zJh19QnwMB8XMDeP,57nCGvMtAiCWpwXemlMJ7q
5r0RFbLJaZ1u7PLuL6Dk8C,1b27zUMtkjBkLpxtK77gR8
3b4pq3F6MCKrIr6Pug0iYG,5cRDn5aGMLvWsldoRmOOz0
3uN87hwClF0hult2cxMbAW,34x6hEJgGAOQvmlMql5Ige
5UsOV3iYkxO92bTfXqhLzc,5tthyVUr2PXC3VR2kKZopd
4fLqJbbFWR7NVXezWKqJrP,6APKYFS9AQzemyE1v87WVc
2TAZO6nu0XMX5G1fQCmh9K,5qHW3YD2L8vvtWtD7j5pmk
4yLitsceFuRsXhy6XUGAoW,53CbpW3YZmx59yMG04oRNl
1TbWYsvthIJH2mZhWjif54,3JRSUazkr107iwaOLrI410
6pfRs1omtBHsMCa4YMvU2h,4JiiO5AaX8LQ9snGlVoUAK
2BH93M8s19QlmJgm0AcQQy,7iQ4JbqMeVXpS3CCB2vSqa
3Fj1nEaqN6rAWWTP1bMNqo,490yvsNq1X7ufwy2KTX5ln
110ov60XKNmcQ6mTzGLOcD,0jDtGQ7hIiH46a5fZ6CD01
6cQx4h23mMkP0xveZwA8St,2VQKneVhfLXaRrBpyciW5J
58N09thUwytQxEFzfyItzT,4xs4NwR2nnry8U4XjJaFSl
03zIflJb8BRb3usuEos20q,6yYAatKdQCdt44kzAWRR9j
7zSvUj2coL7FgJuxYwvwhj,3e9i1sMQD8SF0RucOv8FpQ
3XYgCLJRFpAOUwMHpDRqha,4UnVtMhAiOjlbPgALu4ODQ
1rUv1zWYjZ8W2mO2X1xE6R,74bezeBXM0y0wpP1FEXbmF
4n8vUWmy1nATxwpYy5xTdd,38nZcHtJSXHWGxnoMuMSFY
13zUZqTP5pb4rJ5jyHKx6i,1CnUl583nbJEvacy3tuFi9
7o9eXZxYNyTRlFlHrDmZ2K,5su5oY3wMb9lCtM88YJFdi
0xak5OaCsy4ThA4gMa25NJ,6PJDaT4A6WSiganrnqnWzW
71HhocXYM5TCHPWPWeDE8W,4h5erH8JXJEqJLm7wXAYeM
4yNrmUNzenIeAVwLUF3wqP,6IqoKSUnvJ5XVoKQ4PbjFw
1niuTYJMWFKs1GnybJS7oN,0J5jQSjJ2Ie1IPBq7bmaYq
6XVwl4AeJhcFWOLlZiKsgO,6PslLP8aOsBre5vzdXKEQr
2ifm2XNCELfZoERJQvpTd8,58EBmg7pg5VFnOttLTICRj
75HnRk3u3DD7PyV98Z8DcP,62gQUkiHyUVSs4DQ9DsHdx
3VaMszFtn9bVRE4yfnN5FC,26gKEBDECDFEUm2njiRoTp
63gZcxhkD3AvGp4az4TaeV,5fRJfhzDBzLV5p4B9JfELG
7yU6pwT2BZ9WxDCcQdiNJ9,5GT057VDRV3hpGaOZavj5j
1cEJjevoanT8DnuV4IsSzM,4Ry1Pi8PTFnr8hpUOKi59k
6BknrIoDw312i7KDBHHe5K,1JJys2Cc7HEIFfsHlhigxt
7f4B1dPTfsv5MqLU1yyTUR,1RP9nJba8NfSQJNTODIKSK
3v8Toc9CUCA27eXWsOltfN,6WPhquQYMMG5m8NOg4m8sh
02DzDzGKOXKpyWW1IlG0tB,6J7ZjcUYgghVNkUQ5cUoka
1SpQ0sqFT8XvIkdwNPptkO,27Ao1xCgN74stLWwoj6Ysb
4XKXfiRSSQ8um1Adq2PKes,691OYbMfeBpaqdCSpZJRYk
57FoLXJGTK5Fs7oQPojwle,3888aZc5ZjaNLGGxxyRxXB
4UIF595KTWQs5H1NHDinJI,07RtBh5xX3KZpGArSjnkmu
56NiIpbRdQNQY13mmo2FHt,0yvPTNzH1e1V2rdbUGrVFp
2co2kj2qkaTCWCY2tryvQy,2dd3VTFfbTNJXpvhNGnFzQ
7uZGulWnnHuNfRkzGZ2yEa,6Iw43Wm8LRMwCfgkKEed0u
2Jh13XcKdYfeiK9OEDsFix,1U3nHai9ueJCuEXbf8TvBA
4f746EVmiJShOnq4HJ75rS,6Fu4bDzj4txJGXVyJt4Bpx
5yjU1qxpTNE2MICMzk7k4L,3PZ3N4jm0Il2H065cXuW9F
7BnjJ7fmbHiehY8WjwoKs9,3ijMfK5xwJTDdeyJp72mPM
1yi54RMDIE8hgdYgzk3yXo,6qDYsCYPRjV2BZfwJOJCyh
6xts1F4vrvqvYsOSxYkvkF,3viSiwuE7lKPK8xSGXK6xy
0LsQJbzouY38Os8GXxn5dO,4G4patpYxsF6ovHZOX9wgR
7meCTURpX2erIZVuOXKT18,2rKO7XVdq7pyIUR89aS5Z8
6mHS5vgGYalErBmxhX3TXx,697HW34FLNURvRAbSieICv
2EGkWUaG533wXu7Ka5zfwI,0qinVpl3HzzJUA9GqKjVab
3b2vP3nq9W1eDzWnNCRG34,0Yc3q4DipBgjeSWHMwYNhB
6Ku44DJbZffoA6NSg1smAa,0CJHFmXzDNlqQ3B577gDtW
5hs3JCYyDelXL22jFU5edz,3v50BI9IQ6Rk2k8jAvXT8I
1VbJ5hXTDoh7VC7ygx4HfL,4e3aoQ2yEhXB6Zwt9KS1S6
2OKXfIrdweRkrZmgD0Ikaz,5kRtgmFJe5MD2e83HmaiEY
43EcO1919TwjWYfXqR2aBV,3ODFPHP33QPLTCQsw4mjOo
53oqFs4q8sfqH6IPiyleEN,1CbxG199T0fzfUV5EO7aPV
3IlDESZPdk0kEjBM72O90E,6dEgGWYfEhcoHhR5zfeNN3
6Eb3lH04iEMK0YJ8gk01MR,3rCtueI7qBN2kZBZnXuk5K
4YsxJYWdW4hwxsVLnRJRHW,1VyFx6SpEc7Cs8ZLcMfO8M
51bI3TSSCHo87eNRjPeHMj,7n8sDrEcuMt0yezLDhIbnN
1TKqMj1Tu9D7GlrD30qPtP,0QZdbOtajbimysXPJDkU3H
6wp1us3xBnYz5qldxrZXRf,0csz09qS2n8Jo7LogHKu7j
3MpEvpOsGV9iKzHWwUcjbk,3zPfyVThoCzQ6IB5CSGDTz
6aebvC7BtTJtJ1qsNgzaYZ,5KGn7C4GflN0EFMNqDmUY9
6Az907HDvldO5qxqVyysz0,54hA0ldJYyT1huGfSeOjdQ
46t619aF5WI1TD73QKgCW8,6f5jSA1gU2GmfcpAUlaeoE
36jVgJHZGh556kafIPXzeh,6nxvhvk9etkPBXXzsLP6re
22pSFdjEFh3dbm3TCw8sXc,1hx5zZoz6ARiIAss9hL7tz
0ChRkheFcAH3Zu3OOfPKVa,7nEJrG2KIiH6PoDL1Ae5at
63BxnG0IY9S5LMz3D0E8JT,739WZ5c7N5qGGZy9ng2iY4
6QPIfuphvZoojeZOSmZTCr,4IWDjlopNrVsznQfp2s8M4
6BBZr8znUbUEna9nOCeYWF,4Gq2ikHCdv7v2Wfvb7Z8Ns
6PgMh1HW0Gp85SxTK2s4yc,5whiPPRn248jYANBCMzQoB
1dNdUSIBedHHqM5i8jKPmB,4V3oJg19fIQCbwhGrBES6Y
0YBXv3JZRHJNI9yyepn8NN,73mWQuPeuAg8NJthWGPwHR
0HkIYDIdHJCSQYl8xJeZlu,7tqS7Ywfkz6zVy3aWzip0W
2FsBkwJJJYKEp42C0A3N5V,1dK5t2UGFfEAY7vBDb75Gz
4WlE77ssw7RCSHNfbBPwoT,2ZDssPiWL5pxRB03Ll9WWy
1h3MhM9o2wdZbrikUZ9ZMW,7Mz4VZiPFjf2AYkr4KNkJ5
1KXL9ctFWXGDPEAPCx5Qbp,2c8WUPaH87mh35xf8i0SwG
0Ztkbr3ydc1HvqaRHGGn3u,07czzRrnKKIl0VAvUNtpXj
6VfTXkZPpzX3nue6s8OiLM,4ExeeYTxC48e3sAKS0Nd2Q
19og7LKeo8zn77QVrBPOSt,79FjWBiYDFqM8StLv8FsFb
7yiaiSV6BsoD2X8SHbP32B,5BXVL2gkDwDTmoyeMomRUM
1FsQo293sV3LSt5DTD9An5,3Vkc34IJlPRvf18MtOpj8C
2IPPnPMOC98cG8JZq6p1bg,4NNJ5Fbf51lnLRRn78QW9h
1RDus4fqaHwhQzqRiidAEY,5w7sO0tWXMmctwKnJZu24v
3dOltzM79aOC0iyFpxoZ9B,4F6dlpCLyi8jWWFEjdxCQ0
2PLy7P0hdq12FXH8GLCETk,2zT8nNao3eyXVLQLeWzKjh
7DHbPummZ1zYW6kWfcpF7E,1xeEXCjtxfCa26Ga2XtJ5P
55KuE8iaZpn3ccvWDRxbrl,2Bk5RdZWHUEjYdXnUgsdZr
0xZahoke4fTh9QtdCcduwh,6jtw8sBH0NCmFw7x94s5DF
1LGSGTD0rLUqGLCwRrE3sd,1B67ptXH1xg3OHTMVFW37r
4XBO4n7lhRGvda921o37F9,5Y9j8Ud0f3vjXl2PYlyxlg
4yrjPmonSHiJIHum5TrqEe,3kcTFW5BckceRgCXUArQCp
2SDHfha3SMTWjBeOVE9YCh,1E2bwrGXHxfyzb2DFbVCui
6TwTYPmGcBGbHeeOMY98PN,3GtS6CkzD1GC0UxExQYnml
3XARakl3JkVizUCWSFG0wY,7Ib1fj8HnRmi9WRBpDK6ie
4YsxJYWdW4hwxsVLnRJRHW,1x9E25pjs6MSnRbYyRAEtz
4uYah5RDbWZkcytZ5OwdEy,7qRqmkHtKgk9B8FTGp9YjL
51r1JTgzMPaY7wrQaNBjM6,23S3VBhXxJBGYs8MCzygpb
6Z3CL6urfSGp3A5YBuZmXQ,5kYgafAqtShANnG6NKngww
5DVxYboDLgL4zR9aus1buM,6z7Y23tSMqnHVDU51I3VjT
2iA2IGACvVxyS5p7qhH9vN,3ceihRUljV1eSM1plIjsB6
4F5OnBWfJa7YfjRZ86bZc8,2S07r08uP4VjkbEkHgt3ot
0cFJfTwmx4KOM9zEy9i2nB,7qxqsahO7eTkJpaJZUNfws
4QIzvwiurfYaLWAATLXU0N,0WoxURnxMhMHVEZpK04KzU
6o13uSKWCjRtQAO9YqlTJr,6v2y4LdmqC1S9F4YDXoaxR
5CUNJGJBQ0roZqTwIaLYP9,3MY6AV8GNXROdQnTXVa6Re
6D3n06WfJ7LB0FSwkuoGke,1pEH7VOuxypSOjzdoSKQxZ
4YhQOvQoCFymw2o7sAqNP5,4mzLxaABcl58U7epiCUYJn
6C7SXGLRvTX3IuWlGjeO2j,4Uw7NtaXY0xJrbR9qiaN4H
1xDVfiHq1a9gFcX52tCJjI,6EL95M2kQPDj6YfqOZxGgF
0gCYmi1WiIAMVer7yWnhk6,03HCgI7hnbXdgQfVS5R6Na
1xGvbgezgfzeFTndnwfY2U,47LQEI2udisu7sRC9dYU4l
2S4bmShnGqgg71fRxb49qD,4vvt4hb0B6ZL1gFxW19rfC
0UV8S7kEbsf5MproOjlTUB,2rGN0ZIMLiucijZRHQ6iHe
6AyysfbORoo6avgs9tfTvg,3vNnAC7PYWYb5Lg9YxQFxj
5PoGk4EwhBXqGZLbD1aCXU,6q8y9CRGqPCz4Waajo9zAS
6AyysfbORoo6avgs9tfTvg,63fqvH2P6mzM6SuPLz3RBo
2mgEqi8P4RVtJao5erfkyJ,7LUFGaMZQC7rfJPqtOcZa9
4fsBKYjgxR8NR09sEio5Tt,2SibYBeKjhlW7gv5Aqx0Nm
6AyysfbORoo6avgs9tfTvg,1FgxefL0BLVL5nsteC1Qva
5Rtu3Ezee1cMkyteZrwDlU,30H65a0jiSKb44yXad1Lgr
7kG2tZj5aSXgDdnoorxuKZ,0A6kERY3aek6m66ohq3Keh
02tXBr9D8rhPT9lR3KY3Zl,49KOIOQPegsRJM9gYhfCw3
030x3uRQYYEtkFwpIj60ci,0uTkVCAf8PxMo8NJ3tFYzH
0yzwuCt5GjlnUgNDROF4ls,4khWeoK6yrrtwdXSFJilzi
6ZgkcsZa7bbtljD4hebxG2,6kpNA8Qw0jCLDz1Cf8nTeT
0nFIUw9zM17w9S4fudDj74,7ezr3KycQo4PNIBme9TqJ0
0vggTx5yZZiq1z7JupowtA,58plpyX4e8T4oMWA5nsCF5
3k2a4Ed0BqFszLD9giacnl,727SCCXFpgIU9nYtS4OqgD
0Ps2OifL7PauesyoCgdhaz,0DCVQ21Ea02bCZ9Ame4LET
2PIN5JlqhdClGkTsvauX36,5fVqKGinfuwmip1CRizQc7
3xGoLXIEu4dwzy5um6ArVH,2HQkssMOOGP5S9Pp29Nock
2eEvThMm9Kj9HDifqrI8Xw,24qbaI31h3TG46xRhDy6WE
15fjSIM6kIkJ19yJRrXT7I,2jzhHJ3aofiDIuoXfd18Xd
6zauR5OL3j8drzdk8dyLla,39zV5zT04fDhtCECIoLWZf
2z5T4cLZ6dUUExzWpH8M37,3cvnSUaGbtipPNc8Jq9Ewg
5p8VtaXi9f4YTFaJJ0UaDB,39btyOP48zWhS95iH8vg8q
3q7VP5N3TDan6MnxHbKhv1,459INdwzvu2vElqbndkD6x
0yT3AhIS383pWxB8W9VV1r,7z6YhYLnLkLOw2qBhH5CTh
0SQmYnktpdLsK7jypOjAHh,0RMQgXHIBTsAVcaS7qahLq
5EjPFBdTPs7tFd2N1K9spD,45E6bRQfFgG71K6A0uwPsW
5atsq4ozjfAooTVa0i9AGp,15vF0EEzAcHfZnhm1SSTCS
1vJp2Gd1xz0TqnQs0vCr1I,2XgqIg1xo9bvzyK0DEnqxN
7Fg3ZnH71oqPnuNNUMYK5w,5D1zGVDJTOqwaGSzYw5TtP
60t1MRXeL4i80UiV5EjmcJ,3DKKhdNzpFbRlo0XaaZBLk
2huZSD1rl3OePdo2y6in6t,1XcPgQVOzNYHIQ9LBjU10p
5ue6DtoKCQmXFQBoIJqF58,23fPjEtvx1N4q5UaLMWQIK
5OwFjn28oPs9WpvYAnV7Sg,7MysdJNLp89Xl3zoSd5bC5
2hclsmUCroeaplxCYngj96,2SweUwDKRlXeCDyaJddhWJ
1SoFbdEmEiFgpstKwJ8Iyh,3Fk5ZCKgaWlGo1cKTXtLlD
52gC6xVVIfDYgrjVFAQS4m,51WkuS6BUohm6aG1nTAo2T
5h4wJIZVn43IZVTJxMsete,2M72ge9OrR7muKhcBi509v
3XYgCLJRFpAOUwMHpDRqha,5H2eUYbatuZNGsfdpIixsM
10DtcswMpnFySXwzUCefbq,4q3HaiHXHtwMtcj1GagJZL
5HBjLxdxgbIZPWfCbTxTde,4fs4MJMbe10cgpF0cvTtb8
6hhY392wILVraVHyG8Slk4,4JZdi4DSds3oMSYeBUQosp
7HudruvaISdJ2DyD85XyKv,30Ek6vDZ77PWTQS9HiV3xB
5okC1ikcqxkzvBKnVhu5do,5c1mH4n248moXSUixWGdWt
62mTfD2xpdpPrtf7e9euC2,3QCYGGHncqwMTTfu4jScEy
2iB6DBozlxwPoOLddY3a8l,177gOV02augVihKZj94zuX
4pEO9i4jditKRUvgJkbYkr,7d2RpBy2qTpFnzXd5jwX5F
5qgPhM185R7H3W8htqTeye,1qo1dnwguBAbiqRNd3oTEi
2tP0kTgAwmBAt4zkWbFQ8g,56I4OIGTDhBmX8ZSJJDf1k
6efopwlP8XLhNqPpcjMIOZ,62J8HE1va8p9IrhtFek5HG
2zldiXZ8gzhh8yfHHpjNx9,6FzTK4thuT68kM23BLFjTo
2IV060ckyM4xblIY6mAuMb,1tRLXy4R5YDnwATpNIkz1R
34bvROEwn5XvXEllUZ0HSV,4NHdQ40uoM2YntzHiQj25b
3OXrfw4ClAUKUqX7QQuaYu,4lZt09FVnEaSL3VgkPyOBv
1wtCMT0SDOVdFIyqu3DrQJ,0jikyVLBULYGLZqApj4KuA
1N4WLDngRQrpQHmhQAbMrd,4g4CHzjpCJm9BJMVr3mXhV
4G09laeeg7eIy0JqKwMz05,5ECuiTw53JiKAI9JPrr22x
4rF9lZgtSHe1blrCPGFyGY,06vVoluhGXvl5IygVV6dgG
6EdbqQvOCialJuOjEEUlsL,7iKtfxbX9YPXePGGMRuHAq
1DCXlz2JvEcTUOZqgn5tDB,0QswOQrUWKn93eOYBh6wWC
0BqyPWvPIl8nyAmSZhvUoc,3RF7yizTDynqcKO9EmypOy
0WatRmyFsbWvxsn62abO9k,2C8c1RN9BDuwR7DiIXqYNY
3ZWOHbz6VRVc21Lb2Li0Up,6GWOLPRxzswlHk93sT509g
0JZickX80JBS2W5ytFqkeM,3NTo2DIPvUkSVL7eVKwc0c
3Gb3OmExfP6EXz4zXUX916,2lEujQjmVxsqZc0VzSpUHd
2M2D7mzmuKH5DQFpL3CSgi,2EoM78BMX8FNCtv5Azo47i
5GKhB4gABGpsXSBXYnvNFv,1s37NcntsTnvtgxoYMOq2n
6q0YDgTmlKpvdDD8XpsMGv,41g8d38rGTbYr6JCC1IkO2
7azHWRGv8RpUUuZ1AFw5y7,7fzd1sBLYUAD84Ux0KYwAM
4B6iuOdLe6gtG29Cmi0yVU,4TFDeBqHM6jvbqAi2DAtlv
5srYZzgT2JjOh5Ye9cKgak,5UEX88lCXrOHwBQkCnR2DP
7kvbMYyWGN5mSO7zRLpDoU,3SYO8wU4bEgIYt7AeGRIwG
4r4MtHl8F0NkkSA0kObrEm,7cX5H82DTZ5iHRLbewBEBd
04GI4HyiQkhccc95GVAaan,4um3N9q8nLv3jMm9Sv3XLm
4DjMDklfDPfbTbgXS53m3V,2qhsbKgNyHS1d9GQWr4s1y
5gIa8hTQGPwVeNYjDwrraZ,2WIUbg8CiAsKuQMw9DzZ1d
582EKMkWdR5wmroAm9NqfE,7aGicnnu8dLFoUobkhkXYh
47mFpUDunR1rckC31EBT0g,2riGfIdTac01gA3eDJimm2
0MnE1HBE8O1i9RD2yUhRKQ,3Gri5flAMOtJrq6u92WMWL
40CBXF9jJwK21mrqlmBr92,7JRN5xOUIrnI4crUMOt6X4
1ZA146RN2Cu9HCpDk8PpQK,4kdjHU5lzooUP7kkzQqX0Q
19rkKzBSXk9NQgSclD8ooA,5VFqSeVd3wV3f3RJ8VAfd4
20O0nJq7IgfIX7358R8wjC,6M3dHm9RLBhU1C2mdW2Pvi
5eYaBLIloQrnSXeJsv0nms,6Drks6dbqYCZ303NPH4c6T
474YduzMbDFNBzYBJNXdQp,3pAlKMwng8S0zlKL71glZD
7rUfAivZPILOZoyNhohtKp,73pgrMq57KzuEDSpUtEDw2
0IQn4dKzcsFw1N0Xne5R6x,2sKTYRCgUHXmIhI2hoBuZE
282285H5zzpms9M3Bwg0c1,7HXqYIF5kMN1XY52GWQKrZ
1BBSHiWKFxZaUlIBCWBSVX,2CrKPgTinZordfA9xfhjQC
2eqXksV2e9q7bZXg0YLdgX,4AI4LBwlUNO65wlYT320o6
62fz9AlZV7gKkJHHfaWCfd,16biYIbFSqp7DcQzmLTqup
506314YIkuNUzo1rGkF3Wz,6XkW0uEVRqjzOI5Abzq5Fh
1Xqn8uv8HTsP1iZNAUEU8V,1hmF1WbTbbaZ6huiFGqxAw
3euhzUoPnyiNLlpaw3IV1i,2p32GV3WtUPyjkrS6hMhUX
7bm1Exc5Jf0QLUw60HeM8X,75WlyMbLjT56pcoS20kqd8
1wuNhk0WGm28eN1rvjvA4T,5d0htxXXS4aIcLhuUsj03a
6J4rhWVqOvXc3hDWxppN6p,51clotloAbKWzismMiPc66
2gMg32Z0PMua5W8f5ZTSoU,4iVuv2KjwjHhTpYmKl9rgf
3QZ6VEk0X5ZlIENqZ3W9nt,1ECcmTPClhQ2yeqhz5emCn
2Oq4q9VX9Cq0vseM7vtRHj,7rVC2UttlwpV320rkPBSrs
1p3Tbckk09MaXRz3Tf4dRK,1eV81a6H4xDdpi8r2C4tQT
3QQlS5er88ySzOonBJ86sD,73g63f3d69x6LZ4YtFVx1V
68f6Er791OVR1rm2IgbxWc,5cb2SGZCypNE9OuVihjr04
3XYgCLJRFpAOUwMHpDRqha,0VbFv723YEuUal7VNxoS1Q
2jndUNv3sp7v3MzJxS6CGg,0CeTgzmBuFTBJVWkX8F0N4
5UbA8jgmDepeBbqMQJeOhr,1evXrcVEsWaTMNOxJtlfjv
38aCdi2Xzwd6icGLfJGcaS,6YVak2ONKBc7F9trtihmt2
44CRQHlsfKLlBgpdGigM61,6REtetdQjnG5XZZYITN2FX
0efVPzygcfm8tHs2ZH7zEy,0ttpzVC8gKXBTAvqaF9bmE
5czNZg8isSwNWqSlRTQwyM,1g1jXQ5gKu9tPoNVGEKs85
2VbJQEfwTnFLzFL3WQ8coK,5F3t5WgLyBX2W7un8IXiLD
5vS3U2nYaKHQIBNSUAgjdp,2ZUL9qAnFyiwOPL0zAQiUi
2zWd2Kv0sTPEj4Gae9GJyU,3GbIAc1YF7taTuU6FG1W13
36j7x0WDVyci5im121F4dh,0x5T26KrZJt8IqhKFMVhr7
0gIAWTyvnOntQSd3yxyiW5,4ADsYu1V5CpFLXNve7iK4Z
1yvc0dwbzh1nGEBk6rOZoc,3T00mhdOYUuM5yiuPs3xhs
0vM52Scz70A0TWrvQESYCJ,4KpxSudUCqFuV64GwR0Jhu
642wm0LRMB15Tg0BcIWZUx,6t9equdWckRfSg2eyzGR0E
6RGZL0YH5vnbxu3bq9M4Pq,7kmdOsSxrNJTYbfN4ORjPg
27UQ1hKgEmSxF9FroPEH57,6lDdZ1yjLeteSJNyhCtrdf
5NdxcTkDdZecEj6l1UO9Vp,3I3zb132H2FZUFeKHeM9bn
6WqldndqNpMDQje0DA0ngQ,1APWjuuU4X5YYzrx7Rcr9i
6b2PzWhSQbOCjwPsGnY1Ur,7c4hKR45YOxWFjkMut3Akc
2BDZ5SW9TDpNWQdHxU8JyA,2Y7TcJqQrWHwOgNkq2qZHs
7hBjKcbWgPQBntUHBGNvAW,3GHKZmi31poUcPHSMx7GVo
4BjPEIwiaJZYbUUihp4xLZ,2ZmwLv8aXcbYkJbNoq9G3F
4tZk8P1Z3FwYS06quurN4V,30rOsfjJs82sBGpvDc0EgQ
2WVybqyEU3FiJXlYqTPZkK,4MYve8pbnEtkrBgxkEy9n3
0yQ7eMMfOPQLKmIfQJHY2E,3c0S79EV2HE6xBGanZ9xvL
5aNxC5AMLCCfsaKrZw3LR2,6AeLNaSjiqJp5yrDXZKJfK
0vlWyzbAl3ff9b3zout1XQ,5UsfWcP6SThHlZ4oAgx7ge
4MPeMq1GcYcYJlJmkrO3rc,2spksuDM1a7wICynsNMwGX
5aNxC5AMLCCfsaKrZw3LR2,1qvtFBWczWfbPTGS1AE9v6
3ebmlGc7cdtCCPoiXD7vA7,79UzFFBn4dFovvqh9bKanm
286NSGDQhY4tA1rjJdaU7y,0yfLOwZmzWmdFLPmmQhGd0
1ZocCJ1c4V46xAAFJa7DIs,5YDbSfN5oKWBoeyf9nBA38
3jTXsuXjwQZdh6MA7GlMQN,4F8OK7mNa51mKqgHqWQiYm
0c0vzCyEgkh2PfGILPg8e5,2u77w9B0F4EIUBG8my57vF
5TDCWyEOY3mAhUpDq0adHV,0gdqECaacwiFCC59yz9aZE
2S3BCHNfLwBkZALJzGF0Oa,10cy6RcGwtoGRkSdt2fkdf
5hdmpBIHQSOmkfMTIBuQvC,46nQHYGyWPV09CbiqMkqEi
6yJnc98suPd79oJWpVY3Ga,2tlZddFTcoZnEM9THraXlB
1VBmA66dLS4XnSQnZ0mdo7,5fijWpLzQLQ9w7htpDt3PT
0b0pAK40QuIvo18bn1k8Pq,4xyBiFKkZfJLzhPqWggDGr
6Boy0DsJ9oWP5Vz3Bm07Dh,1VoGuuKPMlfeQa75FXDEbT
4Lnj0Ejeua3eC5lHsPgs9l,3DQJhMGYvAHlngpx3Pea22
2btW2Lu43irReBz8vx1te9,7gTRld8NvtKOrZh7G4cMp3
7r9CI2uypeA9UEfF05jDHl,02P2kD5IobpTEJiIWQglQW
2wYgnlaBE58Iix8L98LVEm,3oZn4GqcykeRB2aZ6l2hU5
1Q0e9Bvfvrtps35ANnR2Tb,0jfpmgv0qQBynaWu2zxWPK
0nrqzbR5f7ga8ZqH5f0t5g,5pD0jmWSuoCc7hwJLN3VJF
1w7CCzHXfLZBUMNOmQPuiG,1B2PCpxPK9XulvgKR6DtOQ
5cUvNR6WetTOVOqkgdrmpn,1BHUbAeWyfPXJlLQU5oWy5
3B5cUaDUihoj9uaqzDJkgF,4Rl5MbZaiRPvvwashLWkTV
01xx7wP3axjMmDJZU3qZx2,5u50uLZDHGVtmonSOBZN3W
3LtRLIjbYcaQfvr1yUZPyA,5STtg0bZXSoWfF20qWGxeV
2FFjfrpopWyK0t09hFqfLw,23FvcB0j0HRa2YUWkzVmWi
7d5dwEhgVrk092M6gALD7k,1e68glvgde8J5FHEkyOHtp
49Fo63plWnF3tlpk34BjsY,3P6ccdgDov0XWjOhapdMtn
3SbGxJVC8fHv41RFKCGIl3,1vTCJDVG7OiYw7LLmxTzVG
3SbGxJVC8fHv41RFKCGIl3,766E5SBcB2gZP5wFA6kd7m
1nvzBC1M3dlCMIxfUCBhlO,5S3F5GL8LASIjPg2PMiU1Q
2Qef3X7J5Ip4hMI5q1MgVG,7rYRCTSa0LI1wq2E03O7uC
2Qef3X7J5Ip4hMI5q1MgVG,57bppYqdO3qoPc4GPZ30QJ
61rdxflHHLx1HZGiEWmEXG,4P8Xr4N1MT1nHGm2bGvPnp
7jVvqQjG6a7HDSNumIegpj,2k5S8g4TkUjCNOHXs3iBKb
5IhJVKzS6lo5RX49MgiVYp,2EXViaTEpUoqHeDOtdI0oK
4BtOh0eaQS5uGtW6MdYd3b,3tv0fV7yLtamQphuFL7GMe
0tOks0qUdOmm0u1BwE8RkC,7sbkwex4shpvXs6uDY6hbo
7jVvqQjG6a7HDSNumIegpj,4FefDGQlG3flM3I10aG1UL
6OppzYfRj99miF4k8vLmLy,4l3ivfobBF7FKx6cfm8upq
3SbGxJVC8fHv41RFKCGIl3,5w1gF0DpAeTkFnLTlbLm96
2OWDybAxSF6q0QjU5LwbGg,41IIvKRt65lVRZ0zzLsjaw
3MiiF9utmtGnLVITgl0JP7,2jJIxT6WAIVWzDo3Ou53Q0
642wm0LRMB15Tg0BcIWZUx,5YDCY9Ag9vmmwqGJ5HQww1
642wm0LRMB15Tg0BcIWZUx,3cegHg31db0HcHfTx60Bnz
642wm0LRMB15Tg0BcIWZUx,4E5uBwNfzSRQjrrgGitJn6
4creFPiWiphsuDeNCiJyIJ,5svar7RQ2qLyoXZR23DqsA
3asXE8koS98nGPVDSPKe5e,3fDgxdcf0jeJgGiZJGUmyK
4HH1KIbSLvGVxfTisuExeT,7ruylcpwEbeCl3HfB9SSyM
3fLyVygsOa9KL5OqdiX8Va,4qetR2UUyBeUrJ9DbYrpVQ
1PdaxE6A89ym486RrW5gIj,20gJD9mjmNzzN5XJDkvmx9
1N4WLDngRQrpQHmhQAbMrd,6Y0KGKWoaXiK4ONYhWX3Es
4uOyM3zL0mLLJB40Bb743Q,2lfyWVOrZQqXjAabQYP7HL
2TocUpL6UGNFgLhgUYpDEN,3tGXyqBOXkjyo3Khr5oX6d
0dznRiGGjKr1tXb8JWXbrW,08oufzbacifu4V5zQcoNMG
4nLU1XRh7osD2sqWqe0Iz6,35DGbmzScfNz4xGH9dH8No
2x74jhjrp6OQhBQ063RKcB,42qkzI8OdI7jBDNfVhmnr6
3tD1b5e5PsmO5UWDBdgjFp,3MVjsxLmFVJ0mIKJC5Rtcn
5f36IdWpaugA1uQ5Yr6Zxu,3W2bm5HR9tnS4ENFNJJ4XF
3HR8coKUCcyVMZvVoEpuT4,5s44daf32Q7yNMqhIn1Jj4
7357BMVkzWElMBCZXe6eKg,1FflGndCt6ZaMZ9LBAh6Rn
1WAa8GJB9nzUWjT0H5ZXCl,7CN6ZYIX338ekn7pb2CpQp
40rYVPtuMdbPUTDlb9NAZM,0IKkVmkzl1veVFO93xpvBd
2m4CUPiAZvB57Z1uTpBdrG,0x5ReG7WBJpo8gJGny8snN
6gjXCaT2wouqfkozCENV0V,3I3q6IwlS8kPQrzTLilBPe
7oB8aUReYcebkHHBhCztQB,66CC0YuVDBVbfMymqFrIRq
5E0cBBjo7ZCSo5HITYLvGd,37MwfjMuTEkmAoJM9dMdQA
1ygVocTmL6wV8TwffmhrQG,55DeU4jy32EJ4tFPgHBeGv
5SbG1UDPcgaZvBF6a2FXus,5XrQLG0F2A5BsF6KfzGpL6
4MlhguAuJeaHP6cu9fhjFb,2Zworrq2JpLX4ElPn9ugFK
4N5Kc8z4kUTK6BB5IgGUrz,15laC1hlEOD2w8FiyxBawf
0ZewAHSzaqPYG34j1qsNJa,65NQIRH7yfR69k1ZtDoL8K
53dy6xBAoHq5jobCBMz51c,3jANUMs34VImF42gTp3G5W
4fpkx2JGRedr0QEtngqwnn,6KJJqzvrybnJDg3zThaSr3
23qIrioI6IeCxzbc36pzDS,641bVG01vykqn8c7fjSRPT
64hd5Ju9NHa5GlrAcTITps,4t4SjSLNijD6LHBqHJRraL
04EzEYc1Q1YHeDMxQAJR2P,6Qng1hawspj0ddyexe0IHV
3ophs4Ci76rbhWzu2QwCGC,1DgfoSbmoJtiRVzuJ9iFK7
6RGO6ch09rQqUfDx0gJj9c,6Ztrlimx14oQ7FlBjgIzBC
5EKshJeMLS4jsgt70Ufoeh,5ivNaz5QJrbJ0pv2wdkPWc
7o0Y2CCgBbfvyn42Lnm4y2,0hRcuBZ63A4ueM9fyplszy
1I14thp76CSHykNU5X96Si,6ozDVG93VTQBuBKA2SmgRe
6s84sQcwx65J1TD5U2l3MQ,2eS6pqoic3puCKVWmwZxD3
5EsnN4yOXhCrmACQj1ukss,0ONJnQjIeHAEig6FfKpW1W
3X3cCHejlh3k1qYxvVucq7,4QG1g2GU1OGZjYbF4c6B0J
5HMMIKLIhg51ObQNvqdj8k,47CAaly9JZ3kyXzZcXVfvw
43klOYPpvwYDWoDYxne6WU,2ouJk0fVDVycAj5gf5pzzg
1p475oTbasik62TmQsdH4k,1m8ul3JQnjIe1t4QokOJpj
5iEdVMinksTe5aO1ZIWBpm,1ztOeR0UMNFGj6B6b1sAi4
5ddXu3ac0C1CRlbLPkrmzO,3fjZXgiFhrOvjOK3u6ygxv
1zlv4ZkmrsLYHiFASKcaW0,6YeARf12na5XqbBmD2Ksjd
2MSprf6584peQvdVMWAEMt,73TQ83HDwnRaMBg0L3wpSw
3SppKnyNf5sdqLxCMwsTzX,5bHbUMtuZIpHtTPdoJmcaN
6mUllKS0OUyGGwso5gr9vP,035qofHWoDag0pg1e8gY73
5XrY8yQEAgpKQ5t8IxBPZT,3dmMyqDdULDoKFTgEqQ9QC
2zx2GlvMmrLc4Xirva1Ljs,3IkDsO9uENxgCDitahlSil
4RPAXF1SRMDKfp3kYfUwqB,7yxer4ELYJuBSvW9enZPLN
7iirVTH0wUSPWTmnPg3Czg,4ZypUuM86QBYnRGxJw8Zwv
7jxx7rEVKb8QoRrwIAdtW9,5pzuPHr1vPs36PjY2q8OUa
7bRsJhxn1QuUqSkudUzSV3,4X8oQZ8LvTRdrjtSs2048s
4HTFKOuRazkQkEb0A6tnpQ,1LMmtQcanJ1SQ6GB08NZsR
4LLxSn9pOIOoUawDfGffra,7IwC6r04ocIjadlp3rduCv
6tQcZe1tl5yFHuW8GmxEPl,2A6NubJR9tqXftF9kGCIQG
2zbICvUWssh0CpwXbIrRWr,59sNwdjGBKTG1Z4cLu21mq
1PpnNxo4uBSSLWSNT0S920,4zDZY6XnZRjGlRDr9h5gOG
4UfEIMlljhiurHl6VPY1Ud,15ygsHteyHJFVoEKwmPaRl
7L4Gq7fzGcWT5LNaR1rMri,1KCcvAYh4blypKDA575DFk
2h9Bnw0EMavlLgjzppTwWQ,6ffxu4OQhpMm610PBPwsEZ
1K5fNuI3Pib5TI1VDOu4FL,4UIUaKFABiomFavFdKOwMb
3OFByd4jpeMa97bo6hpybK,5GH9Pqd9gfQPcmfH5jIrsT
5X7AjeWPMNhLIkVXxcnUob,0qKetxDmE9SAczu5BXhoVY
7JaqYymgZzYdgN0XWyb2Cl,6z71YJki2HEC3uqKV0YoIq
5cYwiP91Z97KkBCn9Ns8Gq,3451iWPbCt4enhdyUcgEFw
0Mv3pPeTjhUFZhipQBFbSU,3O5qrnMGBUgyqHKwvj2UL4
0gRafF7n2DmBCnGuah4Z2t,2bLiZF46JqLUdPXHIAfZx7
4j9mSsoan95YCTzgxORbvK,6SDdaZBW69QFZUgpzyPK46
4kYYZMZ3ytcqSVLq4ZN40A,0moaUKScPf9pFxgd3ThIKK
60HpYf4DNcF4v919jqqEFR,34IuscyAzI857oEJDoa3Qs
21MzJxNQ2HSgEAWtTlrjbd,6euRvhoyzVtjdKohdL78QH
5oCKGLcPzwijoKCwU0s6wy,2ajCKnZB6bsLhyB8BZRXhk
3r2SpJm0ULK0HXQDtm5zoD,22kUUapZa2ugh1RnIIEgCK
0enzGwgDoV09cSPRn6iUXH,09Lv5Mg0q7HS1UHqIOylVP
0QqrTxRtjqQmH5XyqwORlU,398yyQgNK4gUDUONBlQOYa
6j2KiWHRzlLWef323VXYqh,71PDKjKF57KG5P2pCqkk76
1bjl74d1H06Nb4CfAeNewP,27UtOb6UHjnFngQLyDzWlC
4IDJtbi6n3YRW31qZKxair,5ZnOG96081GKWdYzICCzIu
7JOtyw0SIu9QG427lCrdl3,0aTjfdBYVqEQNtmuajNhWk
3TCR22Utbg5mmr5aw46wf8,6tFrW9qaMapmmoXhvwjILm
0szEHgK4uEjj94h0dtpuLX,5NKIECLAnlwUSI3EtTYiHo
4Rqfc8wEHzmxdJdIyV2KgC,3HZcjYkdh82zNlfgRSMsaW
1MFyygmT3uSTQrKRIsHomk,7vfA1SlnLRdMxnbUopSBu1
7jynkFNtf6uYVZh24nNKhK,5GuGuNu9pwgTqoJC4S8TNX
0D4rwd2QoWFcdTj3L6XY2F,5U6dxqQQ0Qn8jSImM0KuXO
0GrV3g8C8zL0g6nPQU61X7,5VaA7jf95Q8Bh2qQF481ix
6Vx7DfTNaJ1AGZJ3OnGY4T,2mpL2sSmfs9meDLFv9P4cl
10Xf363C4ujA4cBVFo05yB,3tYeO5omScEB6EAvvl3Boq
2joCNTpDa1077x7VPjBq6k,1vYxckyuzilxlA5jKKB08h
5CoC3pEW4nRAy2ufjUS87a,0fXTcou0FQxSGksz3phLfT
6ABkacBzpf0AQ7z7xfUtt2,1V3VXj5R2Mt5U4F9hz3wda
6WAm1Z7pv03iivo9jCMePQ,08MChfwzCjuzC5jD4tDZ74
5ievRpY93aGe1ifVaHPDXr,4iqEUyBZcEPiXrE7koMs2n
1Ns6S6G44Y6edfWFoTG9GZ,6hzVvpN9pE4Ab7moqcZRUP
3IIIpVxXpXVCJg1R3oTi4K,5LZVuB5tFctYpd7SiQ1Ntu
6whEtyT9TeLsPy3TIXKKDc,7x8fTILuMjKlGYrlc6g2Uv
0Z8Ksns0eeHB2L1AFrttQN,4DJsY6gdbBuwhJHCkRaG3w
0hzPhX09KMzxcfnNjTSDYY,3GAN37DKbbRie8a4sxsx7d
1NZv8SSPLBYJRKHOZZ4ePp,7GAOQ8MtrE35VOIwf49l3k
65G8c0BRPHk1hns4IP3mnQ,6rtD5drZ38Vfw007z39iH5
6P0jqJbOh2FNfMaCXyyIel,3ZbsXBvUJ9mUTqnKH95fwF
5mG78aHvHhVs0KR7FYK3vv,1hkM6wr47hVWSEK6EY4nAl
3rlYfAO27jQo8P7Al72Cbb,33kcGOK3uSGYI4uuKIdukl
6NQIsTrKAzXfrbUBTxNUUm,5WCZGFdAy3ddS6g03eoJhe
0uZC4b6amUVn9uid8C87UA,5rmiR6lHbR7G8I7Mz6zYgU
4unVqCVMn8OpnP63wo7vVv,4MbHYN1eThqk0Of7IrWiUO
4j9mSsoan95YCTzgxORbvK,6n0OQD5aGspHuwFPJ2ePGC
1Nbu3pWN9lLuyUAb0mCDUP,1OS1168YlC3rDPBpEF5GLp
3bGVZg4MeqkFlBISoAdCX1,79FLFt37dknKZOOMftjRSP
2My4vZiaTQrOLSCbqGlTgo,5uHSOOkP21je4gTfpdJ4Gj
34qKCzcHqM0fexNReA309v,0dZdNbaadGinOGzYsSqMEr
3Suw22sTiMiQK1b1jn5atE,41Zl6ylPqRfIMTrvPAMa76
1C9A9NnHb4h5gVPNaHNgDv,16CaZ617R2o6qjtExvfWng
0C16JRDRBj9AaI5xWemCpg,0gwE3B53cLtIBFFOUtomqc
43ZDjzEdbCDpu3FkJ3YmeI,1pFSD1AcZCblyIfcYJYIPl
3UEPDKFdKMfM3cGgUPbEDj,720VccfW5GV9ZM4OKAAGUg
0gIAWTyvnOntQSd3yxyiW5,5rpx047aanR0h9Rfp1wgBB
5ggvRgwWQixEWHWnD88Wmr,4gay6ybnbQ6Dga4OJv36oL
696u3FmpDIzuoUsvnL7r2l,4HPOjtRktmyoW6TBErAr2a
3v1FqTQsxrZsupa0yO9lHo,4cTIFTmacy3vyi5A5F3YeD
0xNfGRZHfkfMdTanJfdcdn,3CoXzpJExs6A23Y9r8WM4c
7K7ADuLVxkvNRrfJyw0QNR,2l8OMu1TS4Q6EAqAYpTQKW
3PzsEM9ngdKze4MbEth7Un,22D6OnMjWKFfx4EZW95vxe
6KGt5kuQd5Iqy15qBLHWR6,32c2n2Jo4SVyDaYFJ5j2v3
4jKdXIJckKh7la6xHuKwRT,2ISSQPb9LHHiV6ng2NXosL
1n8ESe5nt7EeuZedZUI3yu,2CgOd0Lj5MuvOqzqdaAXtS
1oyUH7JHPt8naqA8gKh64h,2dh3ih7T9b52SvwisBxdWG
3Ecw6kkbmwTWHEcCdZq6TV,5Onofn9TijO7uYrZD4uSrc
54IMJ8S0redmP6krSlKZLD,3PvzvltQZLIKk9YgoMP3Yq
4CiCpqzAwNdRCJceEDUq39,7ge2yUaRlIGRy64vadERuY
24FFBFTNl0Rraus5wPoQnH,4ta97KyyCWLCQAAFtOWFpy
3VzsvmhnUb9OZ59bq2aoNZ,59wlTaYOL5tDUgXnbBQ3my
3RUimnrKcKNrCXkBkjPhBG,0zEKfIm5b8EUcDM3qoPXKX
249IdvGn1QvK64D3VPVzdS,2XknhIMPipRHJr9Z65iEdk
5PB7ozyPYlnSAfoxKBQVdv,0BXLVN7A4MfDANrYT3QRNI
4QcXq4vTVN7dFb7bZa9jG2,3aIhJDHxr1kgTSnutJxPTH
4UEnjmsxamL7Ojl3t9i43K,5aSpdEubSdMnRNevctb55H
0bIedsoR5tpVYlCIFTS63U,5aSCCMFdPVgq9u0d2SD8T9
6eSY84JxzrBOTYOrBNwe5G,3KrnkTF84wu0KF3vqVYgEh
1tg87oAA2P03durAgHNRo1,4Js1cgSrcGiTNCEwUOFhvv
0ESgJoM5wkGsJiUFxRBUum,3AzvNvE3xpgelqmE5MRnbI
5v6iBhIlflzR9rEd1LAMbd,6fujklziTHa8uoM5OQSfIo
0s9cSoniuN0HfXpwlCpGUF,1LxKKYsJNPeBdOwdudsJzv
6ZOXiVL8rmk2ATHJiFJhiD,0osPX8TruIebOhKuG6GK8C
5T97jBfFJ0lkrGmc1TZ6Xp,013amIZ8QjBqviUEM2yNJZ
7vzvohRzBtrnr3miUJrpAk,61QSuw5VlC0LTS8WMO356g
7vQE9lMpjRgyaHQSUNqNEq,20wxsah2eenjJdee4an2B6
530KQbH8BUWquxbKtD7CS2,7LBohG6plAhWaHjuzi4CpY
3qKO94RMjLINONwMje6foq,7Irp5B9hUwbLQ1bSOJhxoa
0bcOGgwJpwBjfFBTApoqSn,65rRB2mspD309xE6YimZTl
4PWBTB6NYSKQwfo79I3prg,1wHZx0LgzFHyeIZkUydNXq
6xJzymX4bJkhvYFx3OXIKn,3kL30Pjp90WKuX89Fx5TOv
0XAIjjN5qxViVS0Y5fYkar,0SGkqnVQo9KPytSri1H6cF
79qV4McLzhs8U3FyRKnocz,5lFDtgWsjRJu8fPOAyJIAK
4YtTX4GPvBvewbJvBfXCS2,3rOSwuTsUlJp0Pu0MkN8r8
2AvupjUeMnSffKEV05x222,4Km5HrUvYTaSUfiSGPJeQR
4eLPsYPBmXABThSJ821sqY,7KXjTSCq5nL1LoYtL7XAwS
7Et3bSTLLqdABO1qCxUplS,0zO8ctW0UiuOefR87OeJOZ
0jbSjSEL8nJeVcaM4Ckac6,2aWygurAKMe3zfPKmuDyPe
5umCH0AoNKwl7R4TtEK8Zt,6mUwMth1MQT8NVSMI7lKjx
4mchkmnzdTYIEAnw2FijA3,0qy5D3OJre7SPJNMOL9I71
0TyDTzG2zt2tg0wONT9wSU,5NQbUaeTEOGdD6hHcre0dZ
2gKQvajkEEaDtkqJ8FJ4uw,2d8JP84HNLKhmd6IYOoupQ
19eyYC4gzQqdA9vgMx8V3e,2FGfNmlU0D3yXfcMiSUUPq
4p9QlliNvKndyKSPyuJlP8,4TNbaUX5szRSr1O5ffM1mq
6b4zdLknMZ1wPf0n7NxnKo,3wCSVS7KM9CIIHrChpabQ3
6i3z8Mi2dAmXDtg4RrgBnl,6z95WBp7kZK5jXvkhhETfO
29blfJv8AddJrjuG3DpE13,0uKNrHYRdAj6hYHxCcoHOY
4NxuJRGusCauOfvlEKbDm6,0VxJbLjXzmaLWn3CgaFqg0
0X96HlegVXzQfJVIBWCRp6,2IY7eOUDjw2ArKYxKa2jXc
1O23sy8Wad5DqsBuvNqsIl,1ZHeBhh56eqc7RKC4RnOBw
561nNtaz1EEadArI9O5B1G,3n9R5HUB7fkT5panqiS1ER
1MZfu40bPBKw1HzXGyGoMX,3eEQNLhV6KLOcVz4BrbH9l
4oEMJyFUfxxqHmfYQrHkOi,1QgU95WbOJulz0Kuair04Y
15qLmAABocTCRBSbWWqL7K,2EEeOnHehOozLq4aS0n6SL
2SByipSK8eZ2pasaIwwzhf,1i1fxkWeaMmKEB4T7zqbzK
7uRMRN3i207cnrLWzJIfRE,2aTAk8fQ0Hc5lIRkzudyxl
6LHdKCyGDEgKGX3JkJUlMD,2ce5n5MpJQgvnAHtmfxS1C
6gYM0AAg9WgqWdXEZH7AYh,5suntl7SJKOsVzwZt8ivL3
2f7kOrpFos0njurSOi2zqL,0gb1J5UrTpzaU1s3nupgCd
1dSXaXQpdXuhORM0sx6ycc,3ISYGHoYnu4gos6JNMfL4z
4QcXq4vTVN7dFb7bZa9jG2,46lFttIf5hnUZMGvjK0Wxo
4JTYQ6DtbQ1UhPDS8tKoGv,6IQPHQf50A6ejwaTUMUQya
7hiPFKyUk6DEIbhvNGLZpq,6odqNEjLilStALk5hAATjz
5REPNlspWI12NWlR7rnlhK,292EFrOPcuV78EUFJVWeUd
3NsERAOpE4KSoFki1jA2A7,4CG81rWtJWZdk2WURz1iSN
4Kzx7kJle7hcrX7cy9QfMu,6S5BiqsDSpwfnjbcQpmjhI
7MkCFJ4a3BXXb9s9EtEyvn,2RwTzFyHkltHddSDehw2wa
4jbJAaML36E3R5RFTORxnN,6egBojmNB8FSSgmxsBUNMg
1m9sVhBG0FpXQGH91omRTF,2d08QBDrm6K9yDNorcrIYL
04pMdyv9wLDHlYX9pQ7yGV,4efK5IM41Pe5CDQE040NXz
2tL2mg5u2tm07WYMKJEjBi,6i2cO91UBRECRvsZhTSpEJ
6PLTbD1Swi3GRI9h85VpzB,5pvJqNwUUahJIZ9a8CFeiP
4S7o1XHni9g71Sz3mHczx1,4I1zD6WvoJoLDFWsqcCpMJ
1uzleUZ85scY1neqTSI6QW,5R73sFQComT2h3be8LjTqi
5HR24TLfeGpDT860C7qka9,66QK2ov3jneXmdquV0JpZ1
3rlYfAO27jQo8P7Al72Cbb,3015TcxgdJvCX8WoIuKaYu
35NbHHaxuKdDXTW97ieh8O,0yuZGJAfm8fHE3Im4SNFvo
4wHI7bZSdSQAbiVElWBlSO,6DKQu2lpOV00sEVXSR4VHL
0Q2CEyu0GCzYR9cMwqi656,1YcX2kZjIwWlB8X8CdEodI
7FptVAJOcON7vHzDVT3Z57,1fodDc5Ay0ZPCmLN8W666C
4nOdk8Vh4vWMIzUgg0iR76,6UmwlSWaRWqDPYebG5roSO
3YtDhWqQOTOT6XD2DQHpBr,4gRAniZdYF2zVrDUsNC9tU
0OcHQUE9oYdoL190y4YrHe,4VEkoORDtx4VqwJOb48wkq
4q76zB2vUHF6Pf2AlxnXQ0,4rlZSOs9kOzMh6zWZEqblY
4q76zB2vUHF6Pf2AlxnXQ0,5TYESt53Ot3rS2XoxOlM83
4q76zB2vUHF6Pf2AlxnXQ0,2XJAXlTVfTVT0G0hdNeuLz
28nL2dA7iE9IWEcUzzPido,6o2n4MmYMgddwVeYaxzsUh
28nL2dA7iE9IWEcUzzPido,7KuiTj4K7vNtkv2Smqi1mO
28nL2dA7iE9IWEcUzzPido,7fwycbhYngsgYoeQzidkvH
7wXYi05mImVHUQwOJbVzCH,1mIz8WUKKp3lqAQzjTJIDC
6u8THlUp0wtKQA8TJA13IG,4TZEiAj3rlEsSNgePMn44R
7aeiTumWLTqiS6wBsmJdyh,5pRZ0sTmYLnq6qd9yL8a2S
6vDiMhyfSnTn18OY99BSQX,7lUjs7bf1fjKI8HKhbNp6z
6vDiMhyfSnTn18OY99BSQX,3RQTF7vKlcO5OoBQqcDMKo
6vDiMhyfSnTn18OY99BSQX,5j5BbIMBUdamtTMsGVX1e4
6vDiMhyfSnTn18OY99BSQX,3vucm39uVyuvpUWW8EFXD8
3uphnZ601S3dvyyckV8EAK,294vgdl9MRwnaEsTBaLRPA
0y13VbGddQ4azdVWakksAL,388kF2viiv8i9aEWIThyGT
0y13VbGddQ4azdVWakksAL,4HcDu9IGRCvSTJE4yW5Ugv
2mID9ikDv7pDAgLzst0L58,2CVa52IocfOkNT1cCETtDw
6vDiMhyfSnTn18OY99BSQX,2WX6hfQa4BqbPTS0o4aSDV
7zLXnrozg2n7TrsnwHFLKF,2ueKL2MWoyfg1FnBpHOfbH
2HuNz0MunbblK7eHUhnk42,41CqhTwCbwwwZ0SOjL4HBc
4pDtJD36tHdR4dVxakWBWH,15uFqHGAOvaGCqikvgiW6w
1QkRNSPk2pDxzILcU14yBG,22qUyTlEvJf6DAlyQjMADe
7G53des9iRPuUydeFXXNGy,44EbX1Cuwpq3hdnpTHsmfO
5Tqoa02nGd8YKxxcrdYTn4,6ok6t9tunMDgR2anczCL98
30jORAA3DJXRPMRGA3ts5W,56jdf9syPFsTINmIU1EZPn
0Qye9o2KCbfeazYGDWSyrP,1WZFduS35Z3BXWg3hLAqdv
1tBXDuJ2OXb7Z2khIAbMlp,6GXSZaHXyN3QJ7QeoMQSw3
1FOJ5IXGXe8dl0cXvCU6wK,23L5CiUhw2jV1OIMwthR3S
2v9rQe4F8fVSh5v8bAq0jF,3ebXMykcMXOcLeJ9xZ17XH
5TS42SVHSUrRj89XXmT3Ku,57rOXabUKgkrwHPSqzo4s5
15x3KP77toSoPbOBj4WvfK,6LmjctqWy7Y15HmhJQlavq
3gy1aBniChti5upWVIwkld,3uiQgJsRNxJHQU2VUlNh1E
6IiIoyJGKbD7GB2gjYAzYV,1HrBmKLLWlpufcYR7ox8aG
4r4SZuS6TMf5NOK711eAvD,3EqaUHk5fcDaPGIxd2lDQN
0MsUvngo4u6GxB1Oecko5T,4956JsiqQdRy9DWrTj2Itj
0llgzDj4NBSZ4i5dYHJw6d,689izEMmyU0vp280Y0JLMl
1RDNuBOD8Ca17ia4NT2TJ6,2m8GfSKLEKgxnQ8IatGeam
1RWjGMwVCT9qGsqLXlu0Bt,4SWfsKfOXnawDNo0fXEUgw
4NjZGWBcqV7qImMk5NTd5H,4yNoaxUJjnP50AXYoAZx4S
4Om4OPP6Uk9ZsLe9jE77Bh,3w7JcualE0nqlKjjxRQwoU
6y2d3i3UtUclskOT2rePIc,0X5YwVRcO6ZGo0zmfYfevr
5do9Fx2lflBZzxgup2xbTQ,5lIat5pyge2yKkV20FlgQ7
6gIz78varf4KnO7UiYD0FX,6TezkLQU09IcSp6LLjvIpU
2WPXSv8cyr0i20Z9jsPd5M,4GJAd1nBylAEbw1dZDVzEQ
4Shk7sGRlVtzMBoWyoAW2T,4NqxAPv6ZAg9Lccf1QFTVg
3Dh8jJNl0QjlS8bLcJ3HSe,0SUHlXon0VcFF67ac2Zj3q
4k2ygY7kW4n1eVtR2i0F0H,6jq6rcOikCZAmjliAgAmfT
1NmBkK9QEl4gGW5S6IuFG4,0b1jk0dFk8VeLdutJKms2Y
2fhmX8qzL6VdAHADYg4CCC,7DY5yIKNVCXulQOQOXo3Kh
3S24p6pOA7aNPDWN0DAWm9,1b3oogM5orKL8ZHrVGybRm
2GmlMoRLlTxdQHpgrgaeAT,3YPlsrk0Voe8AOa1jyN891
6PLBjlg3xvP7sahtEJJol7,1bVk409hTFVAmFqKtj4zai
70W7Vl8vjGNG7rYwWuDCN9,2WW3NbOI7aTPAEoOVFK06n
5q87n7nraKNWmQToZ1dIY0,3FKh1bhhY4ehF23Z15TmI5
1kkZpRk4wacwYwO3XwSISH,71gkG0GVxWwCnkMHoCVqme
46gd3a0VDh86Y9Q1eoZc8F,0dzKKW6FzIT7C38BdQBbgw
6FSu5DBu8ttSI7y9k7ur3v,4TcSvASmTs7HICEY6is1iX
3rHjF4BhJkXfGSJkw9ckdi,7s9ilGkrbrUU2SV5gLZmkv
1IOJTPTrGkonPg3RTue9ic,0tkm2r0AXL6yVLR2jJMT9t
7sdcEE59A6EGhriYpDSTTE,7BLZP3Q291G2iVKKgVRDyj
1Fj8zQ1b7vmEOsdL9Ah6Yn,7tAzFUsh3kscBztthATtYS
1t4X4sCPyNnVmvxxhvqA7E,3LYXjnYXAgDmhawWjl5spw
4DVFYn77TkkSfGf4sPrqfo,3LLq1sGvqXgv26VZbicu5i
2j2U3SyYuAraU6ax4bztHv,70CtpUY5b3kJHXxKtMO9Hk
2mtVbeOJ8rXSYkwRPK9VW3,3sThOUDdKfCkhgW0i0E9VK
3BmccxrtZijITz8jA3iEHD,2orG6NBcKfbI2Ki8QRTQ7u
4Ypub7HXwl2qNn357B28R0,7eC95s8NRx8ULJqDywV8uX
0OooME7xUZgSSkBKwzl5X4,5CvFPEq4Nm2YtRQJ18ml2L
1fP5UnRB0WNWNHSZRHsRCR,0Ev562zA4pmUsBqjxsxxdx
6oiEW3K9PGHhEM9Oo3wB58,5CWOwIX2i8qyXSIK8H9W9s
4beHFU8ZQg20mplT7nk4Ac,4izGeYY96o0NGJCVYK8UWz
3Os5zZtw01oZ7ahVQ9k4Zz,7eurOgoz8MJB50prrw3Sv5
43bGlsG6ALz0Eonx4NrBYl,4FBBaInjICP6d2EJFqWYCm
5nM3cUPxqg7iqjaoyeCWtN,3yQFmN8A5S8Kf1nUJuvb01
7BjSjxv8CfoUXRTyW329x2,629Cjw0fUyZUMkBjnjttDR
07cuUo0ZpLPyxrN0sSzeWT,2WuzAwiZzest2eONspeXMA
2qL2XDMFnnmoUWrwUuIEHp,6v4tA05iYtUZ7N7l2Nd6HD
0NQ6Dn9si4mgFKoRoBGkn8,5PaViyJwv0XJbCcrnBNuAt
7EPwehhDTQSzwxafKXscwS,1NheUcayQOxdpoqb53jCu6
1X4yodq8QzdlHOf2EgwhWU,0P6RjFd2HgG2AXJadQuGfE
79xYDcvUUJrHfgjZDbSMYE,4iF77hjMxwj6hkGMxlk2C0
6XMQpJUwiG6KAniW9nziXt,4ehErMHPM40f92dks3vb2p
5fXiwEu02X3BDJHbo7gHSw,6QN12SBeo43vcWkT724PfA
5FAFTIaf9DBYcmDkYB3F3g,6zpCJDhdpHPZCcFCJZDqX5
5SXT6dwhHX56Sos7KMcMF5,2gpVdtEWFwUyl6uLLmvBzW
4sbZHOW6I2LTTjlRJbhVtA,6WhzFzROw3aq3rPWjgYlxr
1Jl2Vr5WFxE0ttpwa23VaA,7sU6BDmS1qwb78OpUMARPb
06WIiFArmoAHBCdFfQpz56,0KCRxiRfkW6IUnvbyYvwge
1Olj3vKXsT1z2id5efReie,1SZPNcXrPTdU9PWhCNiVhP
7Fms83ZpE6yl8r7N687uis,5LeZ95MOdJFoTkB5KV14gj
0NWE4jh5txQOLyPpXBuCUu,1Tq75clcwByTVyhli64S4a
0NWE4jh5txQOLyPpXBuCUu,7qijt8Lzf9ld2ge1BN8vHH
2UdWNU4jQocPukHJXpet7w,6sqo5lYZ3yJRv0auIWBNrm
3BrxRlYwbY3jthrh2vfqpQ,4t91J2GldPvlPKEagpX6lA
3CXeWGh1nVLjPpLx0dLIAr,5Ev3sAE6AN0baPJKe3vcy1
0U5ZCx80MuD4oCsAE1v04V,6KLmKDBKHDGARecC5M4IgP
3zXR5GOXPq0Uc7tWC9fO3X,02Yq8TMuecXONAjkORNJNM
5fArhrQo1cvZHWTnJhyIn4,51M1EeMXbF5s6P2R5kgRum
3SStFwKQqnQMtbMtpdO9Oc,6XInw1uowvKHrJZaiFd8sY
1QzuM2bDed3O7hLaDvEHVW,1WeV9p52BtqBJStatKA7SK
5x7wsSiudoWtTAaU2ReB7Q,2N5smQj9NAkh45NHnBJHs5
3ezAsZfSemw9gDjWkgYRx8,0owbFAS9rCBSqJYly3fMbE
3Cyjm29zCQagGaJGayHjcn,7LWJNVjEJohO65F3T6BNF0
7gT0LS2mW4goSCKmdfVJej,5TmHbJ16g5IxPcXNJJyu48
1mmwd68p3poQmMeyV4kpQg,2O82Jrg4VZUMt2X2aLn9It
2TaWk3QAFO6gBKbUDynpwB,2iNIdJqx4zvsOA1eY8I4QZ
6E0JNliPdfuQkZdQiKziZW,6dahFWC77PSIkw8Qvrlo32
5xLYTnnyjtkbm7X1RwwA6E,4S9VoPxYhaYpRDbsycXNi7
4OYAw3CG6IbsnMPrc1Cxh7,310yA0OSNvWriki14qBLeY
6T7CvF8AbGfMX9IpkvsHRA,6UQ1UVVv8y3YOHQVZWVHed
3HhZbSJdhOqMSaRbEt3gtw,1jYiIOC5d6soxkJP81fxq2
28btOd2dSoVjcsDlyckBMZ,5oxICMonXSdBz2RQlg80Er
043cdq3Hjq0uCMRl1M4w1M,4RJviB6wSOjsPVf1xumBVL
6OisVsyximZOMcnLjG5zey,0YkSj0rua43rCmvH1kVND9
1TEDJMksfymmVbEpa3pG26,5Ce9z7GqSknXccyppRxNLY
7BcEG9c8RPXEvXJgn91Hd0,1xX5I4X5uPYK6PTCBQ9xAe
7dLiESCQiMb0nAJpHs9bSZ,36uqSCTNwrFgkLo76QOmY2
5nW0oA8aZsFfMxcMj5XZBe,1QQPG2afdFybiIXYWVOkBh
25XTGO6OhEr9OCURO6HpTW,5QqxR3xORg3aSEKG2y9rhm
1PXIYKtueR1MUsplzadohH,0vaaxWoO2ouhTBo9sFRZIX
74TocVml6EKyXtNyupnbHv,2Pb6z5VaqZLl1T12YlmjrJ
3ldFocfFypoIWgGCY6s8jv,0hva6Wi4ny4kdVN3WRaCIT
4309GpSGqkWBCDwGiSxqA6,2d3fNzMA3aUqeRFWHqzbHd
1uzfGk9vxMXfaZ2avqwxod,4RZORAINmgYWdVrFdJ0wjC
1TDrPXWojQS1tOKYwvyTVq,63hX9QtDYzbhusLBf7fXTJ
0z7yfLI0mbTy9gsbgW40m0,5hqQwloNLjoiMxf1cOJLOV
3khqrL1aJBWIH6vR6APrTZ,4uVox5ZxvNrsuPpshT4eHS
7oKyBZfNTipuTYpiFmvJlK,0UdtuvrGRXEMfo0YkXWW2N
5so3yRrR5w0oAdfAtv0i9g,4lvAq5HY90VeIayrOwag8M
0hvr8IdynQ1X1LHo3ahfii,4v0134PgBTGsFJiGcV4eJk
0e6y55o0nyFxXILgsyvSVc,6R3PciZdMvvkQGkhpdeL1k
2zI4fq0qhB53wOrAMigqq4,6XI1gqQQ3X11EIneXmtfp0
0alklHtQZFrhc59IVCbcvR,7KAzlXhGj5tQKXTowcNzLZ
6Ild5wYCHbYaVbNw6VsZsp,6mBYF7u1EB35y7CPryro5p
4q2dJeVeXbJvRKOP5QIKPD,2ljMxeFVrnQE1DP7seMkh4
2BVBICzoJZxUI6cfqjYr5S,1FY6iVwJUIiHGmrBIlqkga
2BVBICzoJZxUI6cfqjYr5S,7AfoVVRv3unCBEXNZnf2mj
2BVBICzoJZxUI6cfqjYr5S,2oD8x1fEyuglgsbytkBhWI
2BVBICzoJZxUI6cfqjYr5S,0gSPZbPHMQgL4YaEghgoCQ
6punqpyqDTjScawBMFRwuY,4KRkanYEoxAEBY5HDtYGU6
0JPbMLgi1GMfhOU0X7fCqF,61Hpk4KD1A6fODGrz4LKx0
7C1z72Vbgdu8St7USs4q76,757zRXK43lylLObZ69G0uN
3qTqXZZnABBxdP4smJdnJK,7dpnZJj7ITXcnmbmLIdEqs
5QfcH88i6WZY0L3J4JaObs,6SgUskdfjSbLDFNkEcsp1d
2McKnTTaR0Gzwl0nK01aoO,19cbYy71SosdnJg8x0ZHpY
19JzPhAPwStqPfFZqgjlnF,3DwBvJjV6WCDkjpBcHGMDY
6snYAeR3hklBu7LpvyQ3LR,4oqnG3rI4vIic3amTuJoIV
5Ub1ZRbSyGyQmNEz8EuHVF,4evTMUdUkYJWTwZDxA8Kos
2d0gY2dVxHmpcOLvQqQ7NL,4tERsdVCLtLtrGdFBf9DGC
3RUimnrKcKNrCXkBkjPhBG,2hODZD0nBB0NcJxleDPNFz
1vvsFmCq974UM7NraGhh0J,3pjDYsdIBcOQvnc61zfUkT
6frG0tN5DQbV26LFKbjYTu,5TEvdyAtCobi5QOnLB2jQL
6frG0tN5DQbV26LFKbjYTu,5pHBCWNF9dimB7ogtydxS7
6frG0tN5DQbV26LFKbjYTu,4blPElbKEUeQFv4TrFQAj1
0xcrp71TfpJ9IeHpZh8l3z,7d4m7LFLSnMfic15cnSQAK
5Hmpwgk42vwknj9TGhr5PF,5tqFQTm5qq5GaJlVfiiIdp
081qKmiSpL1orcddjYlSGE,3nSBnTejHBkaiLF3Tk7ppM
2mIXb9B938B1rel6OaRrrZ,3sm1DwUUyiLJ554xI2xopb
2mIXb9B938B1rel6OaRrrZ,4CXvNVHb0Mds2NXB4u3U7t
0sqWBzCqxcHekdnTNkPUAe,5oe3dkACbRPFu0HBVIr6Fi
0sqWBzCqxcHekdnTNkPUAe,5Y1ruywmqIIszKpv7fJ4Pv
2mIXb9B938B1rel6OaRrrZ,7pMqFPtr3c3xa3LBsLPynf
2mIXb9B938B1rel6OaRrrZ,6qmA4TyHTeUdZjf9Pjvgtm
2mIXb9B938B1rel6OaRrrZ,4UcDxG7sJdVeX0jeR2QzKG
2mIXb9B938B1rel6OaRrrZ,41LPuPvXqyzCDF5ySN3O7H
0ZdR2zjN6X6Wvffw8l87yl,7uoWrCEmC2lI4lxe1M4BBt
0ZdR2zjN6X6Wvffw8l87yl,1Ozfm3cxl1wSxVRNoW5sEn
2B87zXm9bOWvAJdkJBTpzF,6ie2Bw3xLj2JcGowOlcMhb
6X9qvBZLfCxQ4uOmenvixG,6HhtmXZi4wh1ssdFGsE55G
4JbJCZWuB0iuCZZt8ZISih,0zqwz7SNny9fwqSDpIu4qN
6OlCoydaNFUU7v1Xo5ZJPx,3GeLiXvn9nriUnoqHKRQpm
6OlCoydaNFUU7v1Xo5ZJPx,4sjLcE0GQ6urc4iUXsUPe9
4rntQwFlC83iKJ6uQaC2eI,0psrSwsDcH2R2xzMSO4wxo
1csth0vkJoVkcp0iRnQksO,0hqKboghNMqXehM7AAkgwy
6qb9MDR0lfsN9a2pw77uJy,32zkKx35Et6A515oZKxDkD
14IOe7ahxQPTwUYUQX3IFi,1gk3FhAV07q9Jg77UxnVjX
6qb9MDR0lfsN9a2pw77uJy,1LPGwuFgIzbJoShfDdw7MY
6qb9MDR0lfsN9a2pw77uJy,0rRjGruFonCGOt0S5zAJNQ
6qb9MDR0lfsN9a2pw77uJy,4vcoNCrTtunmJ9q8srpVly
6qb9MDR0lfsN9a2pw77uJy,5C5gvDZsl6d8bh89URfKHr
017W32dwhj2rGVWkZkwVSu,5xL84TYVoMCJZc3ZIv50x4
46sPcacTq76ssKFgHHKgFJ,2yuoF9C4QF9kCsoDf3yUHP
4zqFyPkCTcaPBf8vUsYrkB,5L8V6TPunEUj98IvXdhDU5
2Tyx5dLhHYkx6zeAdVaTzN,6GnhWMhgJb7uyiiPEiEkDA
6f6tko6NWoH00cyFOl4VYQ,5iUQMwxUPdJBFeGkePtM66
6f6tko6NWoH00cyFOl4VYQ,2lpygKqzPFtItQ4ss3cgfb
2Tyx5dLhHYkx6zeAdVaTzN,4lIVN4LUJCmweoGJmk6hK9
2PXy9USZAoTSdtrxfkPBnl,5CPqOpKSk0QcJ3dGdaWcRB
2PXy9USZAoTSdtrxfkPBnl,728zbo72kOoYdGR3AhNsyF
2PXy9USZAoTSdtrxfkPBnl,044qU7kwVZaDwzWnRsmVVL
2cRMVS71c49Pf5SnIlJX3U,1zuKjpp4t7BS8JPKi6mkQr
2rmMeEq5D1Bg7YFRwtHBDr,0DAsxISzun85PbsqAfIzeC
2rmMeEq5D1Bg7YFRwtHBDr,1nmCmB3qdXrzxFhvLJuhuB
2rmMeEq5D1Bg7YFRwtHBDr,27BpBnTNtY9SBrE3EusnM6
2PXy9USZAoTSdtrxfkPBnl,1onfcprzpSGh2LqrBh17AA
2PXy9USZAoTSdtrxfkPBnl,33B2QbtAj8mbDpwvGTOnBt
42WVQWuf1teDysXiOupIZt,6gBFPUFcJLzWGx4lenP6h2
42WVQWuf1teDysXiOupIZt,20dP2DaMHIAmwWAbp7peSr
42WVQWuf1teDysXiOupIZt,1Ci4wASMY4xtKVMeHA6Sd5
42WVQWuf1teDysXiOupIZt,0ESJlaM8CE1jRWaNtwSNj8
3WrufJir7I61NkvkDwxero,1leXuBiWQMgbvOIIedqbLB
3WrufJir7I61NkvkDwxero,6Z8R6UsFuGXGtiIxiD8ISb
2KlqGunMrftkE1e3WoJI0M,77dRMsf3qPiG9DRFZfRg3p
3WrufJir7I61NkvkDwxero,0Cqm4rlGZw9mUyzVAYHiVf
3WrufJir7I61NkvkDwxero,55jQ1wZBkkIjXCmPV0rxks
3WrufJir7I61NkvkDwxero,5U3qiJCXKCJ40Nf6tkI7Sq
0nHav4ho0ar4ZVve8H5xZn,5BquXRbtTX3jaSXsfudsdm
64fQ94AVziavTPdnkCS6Nj,3gbBpTdY8lnQwqxNCcf795
5G6oMu9zNW2acdV0lqzI3L,7BNDyzwDboNRR2wmd7GSew
1qKjUIVG8KmtYceDBWjfqE,5hcxUMmvcL66B1OqPPres2
5G6oMu9zNW2acdV0lqzI3L,0V8W7phYnepJBNeSMp8fGd
1qKjUIVG8KmtYceDBWjfqE,7yrx5A6zDOsd7Bn02WvbLH
7uRMRN3i207cnrLWzJIfRE,0uvFFLI3Z6zidLLUsHDVVk
7bhogovOiLN8d5QEKltWyc,20hsdn8oITBsuWNLhzr5eh
39GUANQpkDHusLAAJPPS7z,6F1kPSgdnlSzZRfskE9vaV
4EV2HGPHQpUu4cPxJTP0OT,6AE0G24YXnDyEgE4L0efpB
4EV2HGPHQpUu4cPxJTP0OT,5vQIaNoKsT4xkG1j2KFBFs
4EV2HGPHQpUu4cPxJTP0OT,1xMLthTaWJieT9YGV1hyS5
12yYl13Ce7u8LuhtEl75aQ,22SXyL6pUjwIvGWvgGjLov
0f1CZexom6ELxbDZx32fyk,0Y2QWrhPh6ATyaWYT0QLIR
0QQWUZ5kUh4a2rquCFivLu,40q17Wilv9cII3Oh0xAFVY
6oJnwRad77TohXQ683Rlw6,62GJnNUrj6V1LPBS5zaKrk
3ouEGtFYo2YaBm6F5cUzkJ,0tmqWC2xV43eq0rmKgpHNH
3ouEGtFYo2YaBm6F5cUzkJ,60pAjx0o1QJrbgpGr2dei1
3ouEGtFYo2YaBm6F5cUzkJ,4kZf3cv0lRrW5NQwGMZRv7
3KT9QNIafj30qBzITE11dI,0LwYAqwc2X6hYnKwAY3l9t
5DmnB26HDFDNgjo1Y4ztwc,2XZT7w9AtfsE9ICdUBV9RG
3KT9QNIafj30qBzITE11dI,6Ei0ED6oOkM0UE1flH5SMI
3KT9QNIafj30qBzITE11dI,1TuV6tQ8DDS9cn8BR7xqNx
3KT9QNIafj30qBzITE11dI,2TFGOJ3Xf6TA5pWMemz9QH
5DmnB26HDFDNgjo1Y4ztwc,5YHRAIm9sIncSvtmgDsQrZ
5DmnB26HDFDNgjo1Y4ztwc,0ED1kaIz1Y1954McpQraQR
5DmnB26HDFDNgjo1Y4ztwc,2niN4MwMNK7zIJ7wcuzpFA
3jJKDKdlwRS584zUlHV2Ly,7EiZI6JVHllARrX9PUvAdX
1P8NvRvykmDrKyfglMerMv,3mRcWCyteY2133a7xVMrYw
2AvupjUeMnSffKEV05x222,7KOlJ92bu51cltsD9KU5I7
1ozpmkWcCHwsQ4QTnxOOdT,27GmP9AWRs744SzKcpJsTZ
1lXY618HWkwYKJWBRYR4MK,343YBumqHu19cGoGARUTsd
37Tazx3nMYc8ajIdsFgW7G,3REzEumDuXBpQH45WEHAr6
37Tazx3nMYc8ajIdsFgW7G,2i0hs2tSXakHGaNxH3iJMP
37Tazx3nMYc8ajIdsFgW7G,7ebLKNysZs206dOZpLaDbF
37Tazx3nMYc8ajIdsFgW7G,32vTUJEp1t0Y106kFtge8r
37Tazx3nMYc8ajIdsFgW7G,0K4BEUrRfgeUo2mCYGdiry
6hmakfMxhTWYmSUed1HPFA,5pJPgy2jGvvNUNfHPvG3Zp
6hmakfMxhTWYmSUed1HPFA,5GH3j9J7cFglHWFpqmWIXe
6hmakfMxhTWYmSUed1HPFA,2a5Ml671R56tzRB0WMaCfC
6hmakfMxhTWYmSUed1HPFA,0TrCJBaSXFSaO622CbGV03
6hmakfMxhTWYmSUed1HPFA,5IMckMdrKc1y6Pa1oUeFAI
6hmakfMxhTWYmSUed1HPFA,01K9ooy2GZf8KVYJMvgGFH
6hmakfMxhTWYmSUed1HPFA,7y2Ix8HOPi4E7hteSaKD26
4VYRDmgRCtl3gpDbfD4Agv,1WH96QFPIhxlnATR0K90KX
3uKLwDjku2Us0c81LEmftR,3rsq3qtqNBId48c0IVraTS
5Nrx0GEDuLwrQcEvb1IM8l,3U9ayxeAZCcz5jwcGBD2uH
7AJPV0L05IyIBid97AvwVD,1JY6B9ILvmRla2IKKRZvnH
3uKLwDjku2Us0c81LEmftR,4PTPZeJlK1rYlYr6bf11hk
3uKLwDjku2Us0c81LEmftR,2NRKqJK2nFpr0VHn74EwhV
7AJPV0L05IyIBid97AvwVD,18cCBvygH6yEFDY0cYN3wT
7AJPV0L05IyIBid97AvwVD,786ymAh5BmHoIpvjyrvjXk
2afNG92zO2m0WT1FvU8PvA,42nkVBjWYVhiijbof5zySm
1YLw0YxHB7ffcKWKV9DWi2,1mNNuEw8HB8AO69hbC36ow
1t8ItjqrMd4Ig94hwtcRKe,5YdbKvwTk02eOn22jtibho
0QqrTxRtjqQmH5XyqwORlU,4HM8tkHTQ6JVSMfsJOrcAW
3PWEGZ6CYvXRnr0JCECsDe,5lDriBxJd22IhOH9zTcFrV
3BCMpDOcQlbCZpf5vnTadZ,6ihL9TjfRjadfEePzXXyVF
3PWEGZ6CYvXRnr0JCECsDe,2l57cfmCnOkwNX1tky02n1
6sPphURA5x4AkQXudmstAi,4jVhSbMMHctghoOTFuLPB2
52Bfw1nffuyTGfHtziKSxQ,6I1HRAkeErdwrOJIfRrfIO
6HNDip6KYIQapVTDziA91U,1EotcFbWTbMCXeKFVEtX6Y
6DiGLCBMULjTsWfZVxDEYg,0w4eINpH6ZzZxYGgwSdyBX
6HNDip6KYIQapVTDziA91U,1fZhHANKVFNZ9W8iSh76gF
2jStuYeaRty1cwxjoxfo9K,4Kc1BGRuyicJaqIXi3Rysi
2jStuYeaRty1cwxjoxfo9K,47ojH5LeQhl1ZltSAHBEFF
2jStuYeaRty1cwxjoxfo9K,6QZ8h3RqIgTRTo3hfaqryx
2jStuYeaRty1cwxjoxfo9K,6tkDUCTp0PmHH9BRNCYaJJ
2jStuYeaRty1cwxjoxfo9K,6AH3IbS61PiabZYKVBqKAk
5MkvE4fgTdjQMEyVYZCdCk,48O6kz322Dzu1R6Al5147q
53Y0yiPDpgtMbS2zE03I8C,3lKvvAQeqMLd9efAaEmp10
6D1rTYBev0y8ZKE5tD7OP9,6um5ccNzX7k3SRsVnLupvI
53Y0yiPDpgtMbS2zE03I8C,64jTPETaZKIc5IbgSnid6r
5MkvE4fgTdjQMEyVYZCdCk,1H4LTkJtNHLQ3n7pTi7uDw
13Zqbq7TFA0zOHrK4ZLO9J,4mUt2M3Y4YiQrNJZY9TrOX
13Zqbq7TFA0zOHrK4ZLO9J,3aTyz9Yur7YRSXXXlyjKUD
13Zqbq7TFA0zOHrK4ZLO9J,4jtiSEUfkNoww8dU9DkbUz
13Zqbq7TFA0zOHrK4ZLO9J,49ETuUR2lWHPLF4AyKrube
74jE190WE9hDpzn4XsYImj,21mvPgP6f8mhjfztTiLHaF
6D1rTYBev0y8ZKE5tD7OP9,3m1OyPw3fzMPAwDMcYcM6Z
53Y0yiPDpgtMbS2zE03I8C,3ZVTWZPAkMIZY1PgCLAPdO
53Y0yiPDpgtMbS2zE03I8C,5ZpFTYi09diHV2dcVdLXMw
4YEuQkWaBp1L4LQ5qrI2ys,6wb61u8ayuanWSHZzle5od
51pv0ZowpwnstNG77uLoEV,5Fx2UrcQobzM1h2ihdhsmm
15Azlfz9TWGHgLNefLMbsf,4dG0SlYdknf1J5qqIZwDLo
4y3pQCy8fVOzaj2kxL59eL,4SJrFfeVaEWXdB5qUa6h1G
1X4aaOIXvs6gWtQZQpln4V,65ES1qwOB577ZnTkizMXJJ
0iivrNGNFiY6Q32XVIooCr,4f3dZAGNNjHsz7BfarAYKs
3oY5ni9MkSNapYJ0df103Q,7r578gerl5dMJ9f5UPivkN
1ihtfP14v0iuG7aRhs6Aal,6zdRFXmc7uxlsg5NKpZ0P8
2A7d4WOv1L9Nv3zQTKXkQ5,4jmfX9D0GoHnkSGDwPN7HB
3cLZDUM67uYCEYKYzNgxp8,0srQoq6diRhkCnP7sAbQNs
3Suw22sTiMiQK1b1jn5atE,3osP4UIxkBiRsnX0arq0Ig
3KY9oIQZYFg1w2h2DQFmpz,6b56B8Ew3d0WDnd4Vq01Gh
6QXpPfIA8gw4xbZp7x0Q3L,4tgHYWQ75aPy8Sn7mcTwfC
5jLT0itmjIzyrbGsnT6rch,0aJxiG0h3QDsMwpeWExFJ9
2CcH3HYEAFwkbdNmhStK9V,01fVbxyW9y2oKdXvg56uE5
1jCD24WnDO6bPODoaQSCRx,4F5NCtrFqzN9Id0Bwuclhq
7oMYDnqYOrbKo7JnV2wk1w,0AD9CL6Vwek1GqjIwhMwcw
2GBTgLWpMzjDS3LPazU8C1,16qgL8moRXVRZA5K0yU4yZ
0hQNS530yIjQhKeDHHoy7N,0SxP98ANWBPO1zIDI1FVzV
5i7B8WeK7fyaIs09D9JGwT,5nmr0qCA3JXN2MRdEDUFi6
5PdBG1Q3tLZlSLoxB1LtK8,6FIQ8o2hqlDmHQFoBKmKgW
44O9qirmVyZDrNH9ZDHffH,3Of0ZixrQPzq22I4ogG4TB
2pLQ7xi2L4LkRsvexR64GU,6TDvMOL2TY6AMeIrrTHIyk
0r2hOmLzf8vBUk2E7Z3uRD,1gjA8U0mSbdRs5ESWJVfdP
5C1WWowUnx2d4yIOp1hnIy,0tOdCIqyux2HIZF1v55Xi1
0RQnI5gPFlKLidXhWrWTJK,1jX8HqFA7M5hzOxvuFoJ3p
7bRsJhxn1QuUqSkudUzSV3,7zyo93bLysAjU08Enina9r
7HWdGPosPkb9GY5MOgLgSW,2qC1sUo8xxRRqYsaYEdDuZ
5jbDD0oq3fWBbPC8BCH8uV,5P5gUr7i0xbijStLE3Euu9
0UQ17CZ8TnAxeUN8EnbE2S,5Fnk2uXVwy9UC6PgLUqSRD
1KWL7LvN5Ty009GeAwLCEs,2JtLVLcBKBoMoM3C8OMtu4
6snYAeR3hklBu7LpvyQ3LR,5kDeYoYdLnW8ILTXdbiXjJ
5fF4GeXKiNGjgFkxoxlyHa,7J7cNv9fl9nbofKMpPng4J
1x4dulCR5qb6EYSvuP8Q5N,3IY3rMChXAJtLeLPdl6N3u
7ljX7KHD5RdH7hWyw6X5yg,7dp61aEGdPgjSibuulIYHy
11K8Ney35Y0f6kI6kcvfY9,7gVBHLfhOacNfcSya2aHYB
72mMdIXpng6ejTdL11KISF,7enI1KbQAwrMcu6Zf5FScf
3ruHwnIGTj3Bz0dtS0rhv3,5hxIWOdB3YAwuRMcdYUXNB
3asXE8koS98nGPVDSPKe5e,2HQ1XA5iHCpnTJlVaqJ4iN
0uML5P8vcrBvSu0BIuLtAy,5mPFXECMRYfPOqm8gGfCEc
1JqLngZ3Q6eJN1FwkKgdRr,4ukz1JJ5fcDNdzIQ9gYdpZ
0mz1ESPzWICXWsRW1l5p5s,3Gtqld69XiJSRAXawuxovY
0EJ1snUYEw0bkISahebQUC,5wsskBPgW3pw876uCa9JX4
1qt3kW26zM0MsndG3HSija,68iIALIAQ03juj9BZpafox
